TimeQuest Timing Analyzer report for ongakucircuits_fpga_voiceassigner_top
Sun Aug 16 18:18:39 2026
Quartus II 32-bit Version 13.0.1 Build 232 06/12/2013 Service Pack 1 SJ Web Edition


---------------------
; Table of Contents ;
---------------------
  1. Legal Notice
  2. TimeQuest Timing Analyzer Summary
  3. Parallel Compilation
  4. Clocks
  5. Slow Model Fmax Summary
  6. Slow Model Setup Summary
  7. Slow Model Hold Summary
  8. Slow Model Recovery Summary
  9. Slow Model Removal Summary
 10. Slow Model Minimum Pulse Width Summary
 11. Slow Model Setup: 'GPIO_0[0]'
 12. Slow Model Setup: 'GPIO_0[12]'
 13. Slow Model Setup: 'GPIO_0[1]'
 14. Slow Model Hold: 'GPIO_0[1]'
 15. Slow Model Hold: 'GPIO_0[12]'
 16. Slow Model Hold: 'GPIO_0[0]'
 17. Slow Model Minimum Pulse Width: 'GPIO_0[0]'
 18. Slow Model Minimum Pulse Width: 'GPIO_0[1]'
 19. Slow Model Minimum Pulse Width: 'GPIO_0[12]'
 20. Setup Times
 21. Hold Times
 22. Clock to Output Times
 23. Minimum Clock to Output Times
 24. Propagation Delay
 25. Minimum Propagation Delay
 26. Fast Model Setup Summary
 27. Fast Model Hold Summary
 28. Fast Model Recovery Summary
 29. Fast Model Removal Summary
 30. Fast Model Minimum Pulse Width Summary
 31. Fast Model Setup: 'GPIO_0[0]'
 32. Fast Model Setup: 'GPIO_0[12]'
 33. Fast Model Setup: 'GPIO_0[1]'
 34. Fast Model Hold: 'GPIO_0[1]'
 35. Fast Model Hold: 'GPIO_0[12]'
 36. Fast Model Hold: 'GPIO_0[0]'
 37. Fast Model Minimum Pulse Width: 'GPIO_0[0]'
 38. Fast Model Minimum Pulse Width: 'GPIO_0[1]'
 39. Fast Model Minimum Pulse Width: 'GPIO_0[12]'
 40. Setup Times
 41. Hold Times
 42. Clock to Output Times
 43. Minimum Clock to Output Times
 44. Propagation Delay
 45. Minimum Propagation Delay
 46. Multicorner Timing Analysis Summary
 47. Setup Times
 48. Hold Times
 49. Clock to Output Times
 50. Minimum Clock to Output Times
 51. Progagation Delay
 52. Minimum Progagation Delay
 53. Setup Transfers
 54. Hold Transfers
 55. Report TCCS
 56. Report RSKM
 57. Unconstrained Paths
 58. TimeQuest Timing Analyzer Messages



----------------
; Legal Notice ;
----------------
Copyright (C) 1991-2013 Altera Corporation
Your use of Altera Corporation's design tools, logic functions 
and other software and tools, and its AMPP partner logic 
functions, and any output files from any of the foregoing 
(including device programming or simulation files), and any 
associated documentation or information are expressly subject 
to the terms and conditions of the Altera Program License 
Subscription Agreement, Altera MegaCore Function License 
Agreement, or other applicable license agreement, including, 
without limitation, that your use is for the sole purpose of 
programming logic devices manufactured by Altera and sold by 
Altera or its authorized distributors.  Please refer to the 
applicable agreement for further details.



+----------------------------------------------------------------------------------------+
; TimeQuest Timing Analyzer Summary                                                      ;
+--------------------+-------------------------------------------------------------------+
; Quartus II Version ; Version 13.0.1 Build 232 06/12/2013 Service Pack 1 SJ Web Edition ;
; Revision Name      ; ongakucircuits_fpga_voiceassigner_top                             ;
; Device Family      ; Cyclone II                                                        ;
; Device Name        ; EP2C35F672C6                                                      ;
; Timing Models      ; Final                                                             ;
; Delay Model        ; Combined                                                          ;
; Rise/Fall Delays   ; Unavailable                                                       ;
+--------------------+-------------------------------------------------------------------+


Parallel compilation was disabled, but you have multiple processors available. Enable parallel compilation to reduce compilation time.
+-------------------------------------+
; Parallel Compilation                ;
+----------------------------+--------+
; Processors                 ; Number ;
+----------------------------+--------+
; Number detected on machine ; 20     ;
; Maximum allowed            ; 1      ;
+----------------------------+--------+


+----------------------------------------------------------------------------------------------------------------------------------------------------------------------------------------+
; Clocks                                                                                                                                                                                 ;
+------------+------+--------+------------+-------+-------+------------+-----------+-------------+-------+--------+-----------+------------+----------+--------+--------+----------------+
; Clock Name ; Type ; Period ; Frequency  ; Rise  ; Fall  ; Duty Cycle ; Divide by ; Multiply by ; Phase ; Offset ; Edge List ; Edge Shift ; Inverted ; Master ; Source ; Targets        ;
+------------+------+--------+------------+-------+-------+------------+-----------+-------------+-------+--------+-----------+------------+----------+--------+--------+----------------+
; GPIO_0[0]  ; Base ; 1.000  ; 1000.0 MHz ; 0.000 ; 0.500 ;            ;           ;             ;       ;        ;           ;            ;          ;        ;        ; { GPIO_0[0] }  ;
; GPIO_0[1]  ; Base ; 1.000  ; 1000.0 MHz ; 0.000 ; 0.500 ;            ;           ;             ;       ;        ;           ;            ;          ;        ;        ; { GPIO_0[1] }  ;
; GPIO_0[12] ; Base ; 1.000  ; 1000.0 MHz ; 0.000 ; 0.500 ;            ;           ;             ;       ;        ;           ;            ;          ;        ;        ; { GPIO_0[12] } ;
+------------+------+--------+------------+-------+-------+------------+-----------+-------------+-------+--------+-----------+------------+----------+--------+--------+----------------+


+-----------------------------------------------------------------------------------------------------------+
; Slow Model Fmax Summary                                                                                   ;
+------------+-----------------+------------+---------------------------------------------------------------+
; Fmax       ; Restricted Fmax ; Clock Name ; Note                                                          ;
+------------+-----------------+------------+---------------------------------------------------------------+
; 426.08 MHz ; 360.1 MHz       ; GPIO_0[0]  ; limit due to minimum period restriction (max I/O toggle rate) ;
; 531.07 MHz ; 360.1 MHz       ; GPIO_0[12] ; limit due to minimum period restriction (max I/O toggle rate) ;
+------------+-----------------+------------+---------------------------------------------------------------+
This panel reports FMAX for every clock in the design, regardless of the user-specified clock periods.  FMAX is only computed for paths where the source and destination registers or ports are driven by the same clock.  Paths of different clocks, including generated clocks, are ignored.  For paths between a clock and its inversion, FMAX is computed as if the rising and falling edges are scaled along with FMAX, such that the duty cycle (in terms of a percentage) is maintained. Altera recommends that you always use clock constraints and other slack reports for sign-off analysis.


+-------------------------------------+
; Slow Model Setup Summary            ;
+------------+--------+---------------+
; Clock      ; Slack  ; End Point TNS ;
+------------+--------+---------------+
; GPIO_0[0]  ; -1.347 ; -24.652       ;
; GPIO_0[12] ; -0.883 ; -26.110       ;
; GPIO_0[1]  ; -0.373 ; -3.712        ;
+------------+--------+---------------+


+-------------------------------------+
; Slow Model Hold Summary             ;
+------------+--------+---------------+
; Clock      ; Slack  ; End Point TNS ;
+------------+--------+---------------+
; GPIO_0[1]  ; -6.086 ; -177.022      ;
; GPIO_0[12] ; 0.391  ; 0.000         ;
; GPIO_0[0]  ; 0.859  ; 0.000         ;
+------------+--------+---------------+


-------------------------------
; Slow Model Recovery Summary ;
-------------------------------
No paths to report.


------------------------------
; Slow Model Removal Summary ;
------------------------------
No paths to report.


+----------------------------------------+
; Slow Model Minimum Pulse Width Summary ;
+------------+--------+------------------+
; Clock      ; Slack  ; End Point TNS    ;
+------------+--------+------------------+
; GPIO_0[0]  ; -1.777 ; -65.777          ;
; GPIO_0[1]  ; -1.777 ; -65.777          ;
; GPIO_0[12] ; -1.777 ; -57.777          ;
+------------+--------+------------------+


+------------------------------------------------------------------------------------------------------------------------------------------------+
; Slow Model Setup: 'GPIO_0[0]'                                                                                                                  ;
+--------+--------------------------------+--------------------------------+--------------+-------------+--------------+------------+------------+
; Slack  ; From Node                      ; To Node                        ; Launch Clock ; Latch Clock ; Relationship ; Clock Skew ; Data Delay ;
+--------+--------------------------------+--------------------------------+--------------+-------------+--------------+------------+------------+
; -1.347 ; sr74hc595:pitchsr1|inputsr[5]  ; sr74hc595:pitchsr1|inputsr[6]  ; GPIO_0[0]    ; GPIO_0[0]   ; 1.000        ; -0.236     ; 2.147      ;
; -1.308 ; sr74hc595:pitchsr3|inputsr[7]  ; sr74hc595:pitchsr4|inputsr[0]  ; GPIO_0[0]    ; GPIO_0[0]   ; 1.000        ; 0.003      ; 2.347      ;
; -1.295 ; sr74hc595:pitchsr3|inputsr[3]  ; sr74hc595:pitchsr3|inputsr[4]  ; GPIO_0[0]    ; GPIO_0[0]   ; 1.000        ; -0.502     ; 1.829      ;
; -0.975 ; sr74hc595:pitchsr1|inputsr[2]  ; sr74hc595:pitchsr1|inputsr[3]  ; GPIO_0[0]    ; GPIO_0[0]   ; 1.000        ; 0.000      ; 2.011      ;
; -0.933 ; sr74hc595:pitchsr1|inputsr[7]  ; sr74hc595:pitchsr2|inputsr[0]  ; GPIO_0[0]    ; GPIO_0[0]   ; 1.000        ; -0.126     ; 1.843      ;
; -0.901 ; sr74hc595:pitchsr4|inputsr[3]  ; sr74hc595:pitchsr4|inputsr[4]  ; GPIO_0[0]    ; GPIO_0[0]   ; 1.000        ; 0.325      ; 2.262      ;
; -0.813 ; sr74hc595:pitchsr2|inputsr[4]  ; sr74hc595:pitchsr2|inputsr[5]  ; GPIO_0[0]    ; GPIO_0[0]   ; 1.000        ; -0.243     ; 1.606      ;
; -0.709 ; sr74hc595:pitchsr2|inputsr[3]  ; sr74hc595:pitchsr2|inputsr[4]  ; GPIO_0[0]    ; GPIO_0[0]   ; 1.000        ; 0.000      ; 1.745      ;
; -0.704 ; sr74hc595:pitchsr1|inputsr[0]  ; sr74hc595:pitchsr1|inputsr[1]  ; GPIO_0[0]    ; GPIO_0[0]   ; 1.000        ; 0.000      ; 1.740      ;
; -0.702 ; sr74hc595:pitchsr2|inputsr[7]  ; sr74hc595:pitchsr3|inputsr[0]  ; GPIO_0[0]    ; GPIO_0[0]   ; 1.000        ; 0.305      ; 2.043      ;
; -0.689 ; sr74hc595:pitchsr1|inputsr[3]  ; sr74hc595:pitchsr1|inputsr[4]  ; GPIO_0[0]    ; GPIO_0[0]   ; 1.000        ; 0.000      ; 1.725      ;
; -0.567 ; sr74hc595:pitchsr3|inputsr[6]  ; sr74hc595:pitchsr3|inputsr[7]  ; GPIO_0[0]    ; GPIO_0[0]   ; 1.000        ; 0.000      ; 1.603      ;
; -0.504 ; sr74hc595:pitchsr4|inputsr[2]  ; sr74hc595:pitchsr4|inputsr[3]  ; GPIO_0[0]    ; GPIO_0[0]   ; 1.000        ; 0.000      ; 1.540      ;
; -0.482 ; sr74hc595:pitchsr4|inputsr[4]  ; sr74hc595:pitchsr4|inputsr[5]  ; GPIO_0[0]    ; GPIO_0[0]   ; 1.000        ; 0.000      ; 1.518      ;
; -0.478 ; sr74hc595:pitchsr2|inputsr[5]  ; sr74hc595:pitchsr2|inputsr[6]  ; GPIO_0[0]    ; GPIO_0[0]   ; 1.000        ; 0.000      ; 1.514      ;
; -0.475 ; sr74hc595:pitchsr1|inputsr[1]  ; sr74hc595:pitchsr1|inputsr[2]  ; GPIO_0[0]    ; GPIO_0[0]   ; 1.000        ; 0.000      ; 1.511      ;
; -0.474 ; sr74hc595:octavesr2|inputsr[4] ; sr74hc595:octavesr2|inputsr[5] ; GPIO_0[0]    ; GPIO_0[0]   ; 1.000        ; 0.000      ; 1.510      ;
; -0.473 ; sr74hc595:pitchsr1|inputsr[4]  ; sr74hc595:pitchsr1|inputsr[5]  ; GPIO_0[0]    ; GPIO_0[0]   ; 1.000        ; 0.000      ; 1.509      ;
; -0.473 ; sr74hc595:pitchsr2|inputsr[0]  ; sr74hc595:pitchsr2|inputsr[1]  ; GPIO_0[0]    ; GPIO_0[0]   ; 1.000        ; 0.000      ; 1.509      ;
; -0.469 ; sr74hc595:pitchsr2|inputsr[2]  ; sr74hc595:pitchsr2|inputsr[3]  ; GPIO_0[0]    ; GPIO_0[0]   ; 1.000        ; 0.000      ; 1.505      ;
; -0.439 ; sr74hc595:pitchsr2|inputsr[1]  ; sr74hc595:pitchsr2|inputsr[2]  ; GPIO_0[0]    ; GPIO_0[0]   ; 1.000        ; 0.000      ; 1.475      ;
; -0.427 ; sr74hc595:octavesr2|inputsr[6] ; sr74hc595:octavesr2|inputsr[7] ; GPIO_0[0]    ; GPIO_0[0]   ; 1.000        ; 0.000      ; 1.463      ;
; -0.427 ; sr74hc595:octavesr4|inputsr[5] ; sr74hc595:octavesr4|inputsr[6] ; GPIO_0[0]    ; GPIO_0[0]   ; 1.000        ; 0.000      ; 1.463      ;
; -0.425 ; sr74hc595:octavesr3|inputsr[1] ; sr74hc595:octavesr3|inputsr[2] ; GPIO_0[0]    ; GPIO_0[0]   ; 1.000        ; 0.000      ; 1.461      ;
; -0.314 ; sr74hc595:pitchsr2|inputsr[6]  ; sr74hc595:pitchsr2|inputsr[7]  ; GPIO_0[0]    ; GPIO_0[0]   ; 1.000        ; 0.000      ; 1.350      ;
; -0.297 ; sr74hc595:pitchsr3|inputsr[5]  ; sr74hc595:pitchsr3|inputsr[6]  ; GPIO_0[0]    ; GPIO_0[0]   ; 1.000        ; 0.000      ; 1.333      ;
; -0.295 ; sr74hc595:octavesr1|inputsr[7] ; sr74hc595:octavesr2|inputsr[0] ; GPIO_0[0]    ; GPIO_0[0]   ; 1.000        ; 0.000      ; 1.331      ;
; -0.295 ; sr74hc595:octavesr2|inputsr[3] ; sr74hc595:octavesr2|inputsr[4] ; GPIO_0[0]    ; GPIO_0[0]   ; 1.000        ; 0.000      ; 1.331      ;
; -0.294 ; sr74hc595:octavesr3|inputsr[6] ; sr74hc595:octavesr3|inputsr[7] ; GPIO_0[0]    ; GPIO_0[0]   ; 1.000        ; 0.000      ; 1.330      ;
; -0.292 ; sr74hc595:octavesr3|inputsr[5] ; sr74hc595:octavesr3|inputsr[6] ; GPIO_0[0]    ; GPIO_0[0]   ; 1.000        ; 0.000      ; 1.328      ;
; -0.291 ; sr74hc595:octavesr2|inputsr[5] ; sr74hc595:octavesr2|inputsr[6] ; GPIO_0[0]    ; GPIO_0[0]   ; 1.000        ; 0.000      ; 1.327      ;
; -0.290 ; sr74hc595:octavesr1|inputsr[5] ; sr74hc595:octavesr1|inputsr[6] ; GPIO_0[0]    ; GPIO_0[0]   ; 1.000        ; 0.000      ; 1.326      ;
; -0.290 ; sr74hc595:octavesr2|inputsr[0] ; sr74hc595:octavesr2|inputsr[1] ; GPIO_0[0]    ; GPIO_0[0]   ; 1.000        ; 0.000      ; 1.326      ;
; -0.290 ; sr74hc595:octavesr4|inputsr[2] ; sr74hc595:octavesr4|inputsr[3] ; GPIO_0[0]    ; GPIO_0[0]   ; 1.000        ; 0.000      ; 1.326      ;
; -0.288 ; sr74hc595:octavesr3|inputsr[2] ; sr74hc595:octavesr3|inputsr[3] ; GPIO_0[0]    ; GPIO_0[0]   ; 1.000        ; 0.000      ; 1.324      ;
; -0.287 ; sr74hc595:octavesr1|inputsr[2] ; sr74hc595:octavesr1|inputsr[3] ; GPIO_0[0]    ; GPIO_0[0]   ; 1.000        ; 0.000      ; 1.323      ;
; -0.287 ; sr74hc595:octavesr4|inputsr[1] ; sr74hc595:octavesr4|inputsr[2] ; GPIO_0[0]    ; GPIO_0[0]   ; 1.000        ; 0.000      ; 1.323      ;
; -0.287 ; sr74hc595:octavesr4|inputsr[6] ; sr74hc595:octavesr4|inputsr[7] ; GPIO_0[0]    ; GPIO_0[0]   ; 1.000        ; 0.000      ; 1.323      ;
; -0.284 ; sr74hc595:octavesr1|inputsr[1] ; sr74hc595:octavesr1|inputsr[2] ; GPIO_0[0]    ; GPIO_0[0]   ; 1.000        ; 0.000      ; 1.320      ;
; -0.273 ; sr74hc595:pitchsr4|inputsr[6]  ; sr74hc595:pitchsr4|inputsr[7]  ; GPIO_0[0]    ; GPIO_0[0]   ; 1.000        ; 0.190      ; 1.499      ;
; -0.257 ; sr74hc595:pitchsr1|inputsr[6]  ; sr74hc595:pitchsr1|inputsr[7]  ; GPIO_0[0]    ; GPIO_0[0]   ; 1.000        ; 0.236      ; 1.529      ;
; -0.226 ; sr74hc595:octavesr2|inputsr[7] ; sr74hc595:octavesr3|inputsr[0] ; GPIO_0[0]    ; GPIO_0[0]   ; 1.000        ; 0.112      ; 1.374      ;
; -0.179 ; sr74hc595:pitchsr4|inputsr[5]  ; sr74hc595:pitchsr4|inputsr[6]  ; GPIO_0[0]    ; GPIO_0[0]   ; 1.000        ; 0.000      ; 1.215      ;
; -0.178 ; sr74hc595:pitchsr3|inputsr[4]  ; sr74hc595:pitchsr3|inputsr[5]  ; GPIO_0[0]    ; GPIO_0[0]   ; 1.000        ; 0.000      ; 1.214      ;
; -0.170 ; sr74hc595:pitchsr4|inputsr[1]  ; sr74hc595:pitchsr4|inputsr[2]  ; GPIO_0[0]    ; GPIO_0[0]   ; 1.000        ; 0.000      ; 1.206      ;
; -0.168 ; sr74hc595:pitchsr4|inputsr[0]  ; sr74hc595:pitchsr4|inputsr[1]  ; GPIO_0[0]    ; GPIO_0[0]   ; 1.000        ; 0.000      ; 1.204      ;
; -0.165 ; sr74hc595:pitchsr3|inputsr[0]  ; sr74hc595:pitchsr3|inputsr[1]  ; GPIO_0[0]    ; GPIO_0[0]   ; 1.000        ; 0.000      ; 1.201      ;
; -0.164 ; sr74hc595:pitchsr3|inputsr[1]  ; sr74hc595:pitchsr3|inputsr[2]  ; GPIO_0[0]    ; GPIO_0[0]   ; 1.000        ; 0.000      ; 1.200      ;
; -0.160 ; sr74hc595:pitchsr3|inputsr[2]  ; sr74hc595:pitchsr3|inputsr[3]  ; GPIO_0[0]    ; GPIO_0[0]   ; 1.000        ; 0.000      ; 1.196      ;
; -0.154 ; sr74hc595:octavesr2|inputsr[2] ; sr74hc595:octavesr2|inputsr[3] ; GPIO_0[0]    ; GPIO_0[0]   ; 1.000        ; 0.000      ; 1.190      ;
; -0.154 ; sr74hc595:octavesr4|inputsr[3] ; sr74hc595:octavesr4|inputsr[4] ; GPIO_0[0]    ; GPIO_0[0]   ; 1.000        ; 0.000      ; 1.190      ;
; -0.152 ; sr74hc595:octavesr4|inputsr[4] ; sr74hc595:octavesr4|inputsr[5] ; GPIO_0[0]    ; GPIO_0[0]   ; 1.000        ; 0.000      ; 1.188      ;
; -0.151 ; sr74hc595:octavesr1|inputsr[3] ; sr74hc595:octavesr1|inputsr[4] ; GPIO_0[0]    ; GPIO_0[0]   ; 1.000        ; 0.000      ; 1.187      ;
; -0.151 ; sr74hc595:octavesr3|inputsr[3] ; sr74hc595:octavesr3|inputsr[4] ; GPIO_0[0]    ; GPIO_0[0]   ; 1.000        ; 0.000      ; 1.187      ;
; -0.150 ; sr74hc595:octavesr3|inputsr[4] ; sr74hc595:octavesr3|inputsr[5] ; GPIO_0[0]    ; GPIO_0[0]   ; 1.000        ; 0.000      ; 1.186      ;
; -0.150 ; sr74hc595:octavesr4|inputsr[0] ; sr74hc595:octavesr4|inputsr[1] ; GPIO_0[0]    ; GPIO_0[0]   ; 1.000        ; 0.000      ; 1.186      ;
; -0.148 ; sr74hc595:octavesr1|inputsr[4] ; sr74hc595:octavesr1|inputsr[5] ; GPIO_0[0]    ; GPIO_0[0]   ; 1.000        ; 0.000      ; 1.184      ;
; -0.148 ; sr74hc595:octavesr3|inputsr[0] ; sr74hc595:octavesr3|inputsr[1] ; GPIO_0[0]    ; GPIO_0[0]   ; 1.000        ; 0.000      ; 1.184      ;
; -0.145 ; sr74hc595:octavesr2|inputsr[1] ; sr74hc595:octavesr2|inputsr[2] ; GPIO_0[0]    ; GPIO_0[0]   ; 1.000        ; 0.000      ; 1.181      ;
; -0.143 ; sr74hc595:octavesr1|inputsr[0] ; sr74hc595:octavesr1|inputsr[1] ; GPIO_0[0]    ; GPIO_0[0]   ; 1.000        ; 0.000      ; 1.179      ;
; -0.107 ; sr74hc595:octavesr3|inputsr[7] ; sr74hc595:octavesr4|inputsr[0] ; GPIO_0[0]    ; GPIO_0[0]   ; 1.000        ; 0.176      ; 1.319      ;
; -0.089 ; sr74hc595:octavesr1|inputsr[6] ; sr74hc595:octavesr1|inputsr[7] ; GPIO_0[0]    ; GPIO_0[0]   ; 1.000        ; 0.466      ; 1.591      ;
+--------+--------------------------------+--------------------------------+--------------+-------------+--------------+------------+------------+


+------------------------------------------------------------------------------------------------------------------------------------------+
; Slow Model Setup: 'GPIO_0[12]'                                                                                                           ;
+--------+-----------------------------+-----------------------------+--------------+-------------+--------------+------------+------------+
; Slack  ; From Node                   ; To Node                     ; Launch Clock ; Latch Clock ; Relationship ; Clock Skew ; Data Delay ;
+--------+-----------------------------+-----------------------------+--------------+-------------+--------------+------------+------------+
; -0.883 ; divcd4024:freqdiv8|count[0] ; divcd4024:freqdiv8|count[6] ; GPIO_0[12]   ; GPIO_0[12]  ; 1.000        ; 0.000      ; 1.919      ;
; -0.829 ; divcd4024:freqdiv3|count[0] ; divcd4024:freqdiv3|count[6] ; GPIO_0[12]   ; GPIO_0[12]  ; 1.000        ; 0.000      ; 1.865      ;
; -0.826 ; divcd4024:freqdiv4|count[1] ; divcd4024:freqdiv4|count[6] ; GPIO_0[12]   ; GPIO_0[12]  ; 1.000        ; 0.000      ; 1.862      ;
; -0.823 ; divcd4024:freqdiv1|count[1] ; divcd4024:freqdiv1|count[6] ; GPIO_0[12]   ; GPIO_0[12]  ; 1.000        ; 0.000      ; 1.859      ;
; -0.814 ; divcd4024:freqdiv8|count[2] ; divcd4024:freqdiv8|count[6] ; GPIO_0[12]   ; GPIO_0[12]  ; 1.000        ; 0.000      ; 1.850      ;
; -0.812 ; divcd4024:freqdiv8|count[0] ; divcd4024:freqdiv8|count[5] ; GPIO_0[12]   ; GPIO_0[12]  ; 1.000        ; 0.000      ; 1.848      ;
; -0.792 ; divcd4024:freqdiv4|count[0] ; divcd4024:freqdiv4|count[6] ; GPIO_0[12]   ; GPIO_0[12]  ; 1.000        ; 0.000      ; 1.828      ;
; -0.791 ; divcd4024:freqdiv3|count[1] ; divcd4024:freqdiv3|count[6] ; GPIO_0[12]   ; GPIO_0[12]  ; 1.000        ; 0.000      ; 1.827      ;
; -0.783 ; divcd4024:freqdiv1|count[0] ; divcd4024:freqdiv1|count[6] ; GPIO_0[12]   ; GPIO_0[12]  ; 1.000        ; 0.000      ; 1.819      ;
; -0.758 ; divcd4024:freqdiv3|count[0] ; divcd4024:freqdiv3|count[5] ; GPIO_0[12]   ; GPIO_0[12]  ; 1.000        ; 0.000      ; 1.794      ;
; -0.756 ; divcd4024:freqdiv4|count[2] ; divcd4024:freqdiv4|count[6] ; GPIO_0[12]   ; GPIO_0[12]  ; 1.000        ; 0.000      ; 1.792      ;
; -0.755 ; divcd4024:freqdiv4|count[1] ; divcd4024:freqdiv4|count[5] ; GPIO_0[12]   ; GPIO_0[12]  ; 1.000        ; 0.000      ; 1.791      ;
; -0.752 ; divcd4024:freqdiv1|count[1] ; divcd4024:freqdiv1|count[5] ; GPIO_0[12]   ; GPIO_0[12]  ; 1.000        ; 0.000      ; 1.788      ;
; -0.752 ; divcd4024:freqdiv3|count[2] ; divcd4024:freqdiv3|count[6] ; GPIO_0[12]   ; GPIO_0[12]  ; 1.000        ; 0.000      ; 1.788      ;
; -0.745 ; divcd4024:freqdiv6|count[1] ; divcd4024:freqdiv6|count[6] ; GPIO_0[12]   ; GPIO_0[12]  ; 1.000        ; 0.000      ; 1.781      ;
; -0.744 ; divcd4024:freqdiv2|count[0] ; divcd4024:freqdiv2|count[6] ; GPIO_0[12]   ; GPIO_0[12]  ; 1.000        ; 0.000      ; 1.780      ;
; -0.743 ; divcd4024:freqdiv8|count[2] ; divcd4024:freqdiv8|count[5] ; GPIO_0[12]   ; GPIO_0[12]  ; 1.000        ; 0.000      ; 1.779      ;
; -0.742 ; divcd4024:freqdiv5|count[0] ; divcd4024:freqdiv5|count[6] ; GPIO_0[12]   ; GPIO_0[12]  ; 1.000        ; 0.000      ; 1.778      ;
; -0.741 ; divcd4024:freqdiv8|count[0] ; divcd4024:freqdiv8|count[4] ; GPIO_0[12]   ; GPIO_0[12]  ; 1.000        ; 0.000      ; 1.777      ;
; -0.733 ; divcd4024:freqdiv7|count[0] ; divcd4024:freqdiv7|count[6] ; GPIO_0[12]   ; GPIO_0[12]  ; 1.000        ; 0.000      ; 1.769      ;
; -0.721 ; divcd4024:freqdiv4|count[0] ; divcd4024:freqdiv4|count[5] ; GPIO_0[12]   ; GPIO_0[12]  ; 1.000        ; 0.000      ; 1.757      ;
; -0.720 ; divcd4024:freqdiv1|count[2] ; divcd4024:freqdiv1|count[6] ; GPIO_0[12]   ; GPIO_0[12]  ; 1.000        ; 0.000      ; 1.756      ;
; -0.720 ; divcd4024:freqdiv3|count[1] ; divcd4024:freqdiv3|count[5] ; GPIO_0[12]   ; GPIO_0[12]  ; 1.000        ; 0.000      ; 1.756      ;
; -0.712 ; divcd4024:freqdiv1|count[0] ; divcd4024:freqdiv1|count[5] ; GPIO_0[12]   ; GPIO_0[12]  ; 1.000        ; 0.000      ; 1.748      ;
; -0.707 ; divcd4024:freqdiv8|count[1] ; divcd4024:freqdiv8|count[6] ; GPIO_0[12]   ; GPIO_0[12]  ; 1.000        ; 0.000      ; 1.743      ;
; -0.707 ; divcd4024:freqdiv6|count[0] ; divcd4024:freqdiv6|count[6] ; GPIO_0[12]   ; GPIO_0[12]  ; 1.000        ; 0.000      ; 1.743      ;
; -0.706 ; divcd4024:freqdiv5|count[1] ; divcd4024:freqdiv5|count[6] ; GPIO_0[12]   ; GPIO_0[12]  ; 1.000        ; 0.000      ; 1.742      ;
; -0.694 ; divcd4024:freqdiv2|count[1] ; divcd4024:freqdiv2|count[6] ; GPIO_0[12]   ; GPIO_0[12]  ; 1.000        ; 0.000      ; 1.730      ;
; -0.692 ; divcd4024:freqdiv7|count[1] ; divcd4024:freqdiv7|count[6] ; GPIO_0[12]   ; GPIO_0[12]  ; 1.000        ; 0.000      ; 1.728      ;
; -0.685 ; divcd4024:freqdiv4|count[2] ; divcd4024:freqdiv4|count[5] ; GPIO_0[12]   ; GPIO_0[12]  ; 1.000        ; 0.000      ; 1.721      ;
; -0.684 ; divcd4024:freqdiv4|count[1] ; divcd4024:freqdiv4|count[4] ; GPIO_0[12]   ; GPIO_0[12]  ; 1.000        ; 0.000      ; 1.720      ;
; -0.681 ; divcd4024:freqdiv1|count[1] ; divcd4024:freqdiv1|count[4] ; GPIO_0[12]   ; GPIO_0[12]  ; 1.000        ; 0.000      ; 1.717      ;
; -0.681 ; divcd4024:freqdiv3|count[3] ; divcd4024:freqdiv3|count[6] ; GPIO_0[12]   ; GPIO_0[12]  ; 1.000        ; 0.000      ; 1.717      ;
; -0.681 ; divcd4024:freqdiv3|count[2] ; divcd4024:freqdiv3|count[5] ; GPIO_0[12]   ; GPIO_0[12]  ; 1.000        ; 0.000      ; 1.717      ;
; -0.674 ; divcd4024:freqdiv6|count[1] ; divcd4024:freqdiv6|count[5] ; GPIO_0[12]   ; GPIO_0[12]  ; 1.000        ; 0.000      ; 1.710      ;
; -0.673 ; divcd4024:freqdiv2|count[0] ; divcd4024:freqdiv2|count[5] ; GPIO_0[12]   ; GPIO_0[12]  ; 1.000        ; 0.000      ; 1.709      ;
; -0.672 ; divcd4024:freqdiv8|count[2] ; divcd4024:freqdiv8|count[4] ; GPIO_0[12]   ; GPIO_0[12]  ; 1.000        ; 0.000      ; 1.708      ;
; -0.671 ; divcd4024:freqdiv5|count[0] ; divcd4024:freqdiv5|count[5] ; GPIO_0[12]   ; GPIO_0[12]  ; 1.000        ; 0.000      ; 1.707      ;
; -0.671 ; divcd4024:freqdiv5|count[2] ; divcd4024:freqdiv5|count[6] ; GPIO_0[12]   ; GPIO_0[12]  ; 1.000        ; 0.000      ; 1.707      ;
; -0.670 ; divcd4024:freqdiv8|count[0] ; divcd4024:freqdiv8|count[3] ; GPIO_0[12]   ; GPIO_0[12]  ; 1.000        ; 0.000      ; 1.706      ;
; -0.666 ; divcd4024:freqdiv8|count[4] ; divcd4024:freqdiv8|count[6] ; GPIO_0[12]   ; GPIO_0[12]  ; 1.000        ; 0.000      ; 1.702      ;
; -0.662 ; divcd4024:freqdiv7|count[0] ; divcd4024:freqdiv7|count[5] ; GPIO_0[12]   ; GPIO_0[12]  ; 1.000        ; 0.000      ; 1.698      ;
; -0.657 ; divcd4024:freqdiv4|count[3] ; divcd4024:freqdiv4|count[6] ; GPIO_0[12]   ; GPIO_0[12]  ; 1.000        ; 0.000      ; 1.693      ;
; -0.650 ; divcd4024:freqdiv4|count[0] ; divcd4024:freqdiv4|count[4] ; GPIO_0[12]   ; GPIO_0[12]  ; 1.000        ; 0.000      ; 1.686      ;
; -0.649 ; divcd4024:freqdiv1|count[2] ; divcd4024:freqdiv1|count[5] ; GPIO_0[12]   ; GPIO_0[12]  ; 1.000        ; 0.000      ; 1.685      ;
; -0.641 ; divcd4024:freqdiv1|count[0] ; divcd4024:freqdiv1|count[4] ; GPIO_0[12]   ; GPIO_0[12]  ; 1.000        ; 0.000      ; 1.677      ;
; -0.636 ; divcd4024:freqdiv8|count[1] ; divcd4024:freqdiv8|count[5] ; GPIO_0[12]   ; GPIO_0[12]  ; 1.000        ; 0.000      ; 1.672      ;
; -0.636 ; divcd4024:freqdiv6|count[0] ; divcd4024:freqdiv6|count[5] ; GPIO_0[12]   ; GPIO_0[12]  ; 1.000        ; 0.000      ; 1.672      ;
; -0.635 ; divcd4024:freqdiv5|count[1] ; divcd4024:freqdiv5|count[5] ; GPIO_0[12]   ; GPIO_0[12]  ; 1.000        ; 0.000      ; 1.671      ;
; -0.632 ; divcd4024:freqdiv6|count[2] ; divcd4024:freqdiv6|count[6] ; GPIO_0[12]   ; GPIO_0[12]  ; 1.000        ; 0.000      ; 1.668      ;
; -0.626 ; divcd4024:freqdiv2|count[2] ; divcd4024:freqdiv2|count[6] ; GPIO_0[12]   ; GPIO_0[12]  ; 1.000        ; 0.000      ; 1.662      ;
; -0.625 ; divcd4024:freqdiv7|count[2] ; divcd4024:freqdiv7|count[6] ; GPIO_0[12]   ; GPIO_0[12]  ; 1.000        ; 0.000      ; 1.661      ;
; -0.623 ; divcd4024:freqdiv2|count[1] ; divcd4024:freqdiv2|count[5] ; GPIO_0[12]   ; GPIO_0[12]  ; 1.000        ; 0.000      ; 1.659      ;
; -0.621 ; divcd4024:freqdiv7|count[1] ; divcd4024:freqdiv7|count[5] ; GPIO_0[12]   ; GPIO_0[12]  ; 1.000        ; 0.000      ; 1.657      ;
; -0.614 ; divcd4024:freqdiv4|count[2] ; divcd4024:freqdiv4|count[4] ; GPIO_0[12]   ; GPIO_0[12]  ; 1.000        ; 0.000      ; 1.650      ;
; -0.610 ; divcd4024:freqdiv1|count[1] ; divcd4024:freqdiv1|count[3] ; GPIO_0[12]   ; GPIO_0[12]  ; 1.000        ; 0.000      ; 1.646      ;
; -0.610 ; divcd4024:freqdiv3|count[3] ; divcd4024:freqdiv3|count[5] ; GPIO_0[12]   ; GPIO_0[12]  ; 1.000        ; 0.000      ; 1.646      ;
; -0.603 ; divcd4024:freqdiv6|count[1] ; divcd4024:freqdiv6|count[4] ; GPIO_0[12]   ; GPIO_0[12]  ; 1.000        ; 0.000      ; 1.639      ;
; -0.602 ; divcd4024:freqdiv2|count[0] ; divcd4024:freqdiv2|count[4] ; GPIO_0[12]   ; GPIO_0[12]  ; 1.000        ; 0.000      ; 1.638      ;
; -0.601 ; divcd4024:freqdiv8|count[2] ; divcd4024:freqdiv8|count[3] ; GPIO_0[12]   ; GPIO_0[12]  ; 1.000        ; 0.000      ; 1.637      ;
; -0.600 ; divcd4024:freqdiv5|count[0] ; divcd4024:freqdiv5|count[4] ; GPIO_0[12]   ; GPIO_0[12]  ; 1.000        ; 0.000      ; 1.636      ;
; -0.600 ; divcd4024:freqdiv6|count[3] ; divcd4024:freqdiv6|count[6] ; GPIO_0[12]   ; GPIO_0[12]  ; 1.000        ; 0.000      ; 1.636      ;
; -0.600 ; divcd4024:freqdiv5|count[2] ; divcd4024:freqdiv5|count[5] ; GPIO_0[12]   ; GPIO_0[12]  ; 1.000        ; 0.000      ; 1.636      ;
; -0.599 ; divcd4024:freqdiv3|count[0] ; divcd4024:freqdiv3|count[4] ; GPIO_0[12]   ; GPIO_0[12]  ; 1.000        ; 0.000      ; 1.635      ;
; -0.599 ; divcd4024:freqdiv8|count[0] ; divcd4024:freqdiv8|count[2] ; GPIO_0[12]   ; GPIO_0[12]  ; 1.000        ; 0.000      ; 1.635      ;
; -0.595 ; divcd4024:freqdiv1|count[3] ; divcd4024:freqdiv1|count[6] ; GPIO_0[12]   ; GPIO_0[12]  ; 1.000        ; 0.000      ; 1.631      ;
; -0.595 ; divcd4024:freqdiv8|count[4] ; divcd4024:freqdiv8|count[5] ; GPIO_0[12]   ; GPIO_0[12]  ; 1.000        ; 0.000      ; 1.631      ;
; -0.591 ; divcd4024:freqdiv7|count[0] ; divcd4024:freqdiv7|count[4] ; GPIO_0[12]   ; GPIO_0[12]  ; 1.000        ; 0.000      ; 1.627      ;
; -0.586 ; divcd4024:freqdiv4|count[3] ; divcd4024:freqdiv4|count[5] ; GPIO_0[12]   ; GPIO_0[12]  ; 1.000        ; 0.000      ; 1.622      ;
; -0.578 ; divcd4024:freqdiv3|count[4] ; divcd4024:freqdiv3|count[6] ; GPIO_0[12]   ; GPIO_0[12]  ; 1.000        ; 0.000      ; 1.614      ;
; -0.578 ; divcd4024:freqdiv1|count[2] ; divcd4024:freqdiv1|count[4] ; GPIO_0[12]   ; GPIO_0[12]  ; 1.000        ; 0.000      ; 1.614      ;
; -0.570 ; divcd4024:freqdiv1|count[0] ; divcd4024:freqdiv1|count[3] ; GPIO_0[12]   ; GPIO_0[12]  ; 1.000        ; 0.000      ; 1.606      ;
; -0.565 ; divcd4024:freqdiv8|count[1] ; divcd4024:freqdiv8|count[4] ; GPIO_0[12]   ; GPIO_0[12]  ; 1.000        ; 0.000      ; 1.601      ;
; -0.565 ; divcd4024:freqdiv6|count[0] ; divcd4024:freqdiv6|count[4] ; GPIO_0[12]   ; GPIO_0[12]  ; 1.000        ; 0.000      ; 1.601      ;
; -0.564 ; divcd4024:freqdiv5|count[1] ; divcd4024:freqdiv5|count[4] ; GPIO_0[12]   ; GPIO_0[12]  ; 1.000        ; 0.000      ; 1.600      ;
; -0.561 ; divcd4024:freqdiv8|count[3] ; divcd4024:freqdiv8|count[6] ; GPIO_0[12]   ; GPIO_0[12]  ; 1.000        ; 0.000      ; 1.597      ;
; -0.561 ; divcd4024:freqdiv6|count[2] ; divcd4024:freqdiv6|count[5] ; GPIO_0[12]   ; GPIO_0[12]  ; 1.000        ; 0.000      ; 1.597      ;
; -0.561 ; divcd4024:freqdiv3|count[1] ; divcd4024:freqdiv3|count[4] ; GPIO_0[12]   ; GPIO_0[12]  ; 1.000        ; 0.000      ; 1.597      ;
; -0.560 ; divcd4024:freqdiv2|count[3] ; divcd4024:freqdiv2|count[6] ; GPIO_0[12]   ; GPIO_0[12]  ; 1.000        ; 0.000      ; 1.596      ;
; -0.560 ; divcd4024:freqdiv5|count[3] ; divcd4024:freqdiv5|count[6] ; GPIO_0[12]   ; GPIO_0[12]  ; 1.000        ; 0.000      ; 1.596      ;
; -0.560 ; divcd4024:freqdiv7|count[3] ; divcd4024:freqdiv7|count[6] ; GPIO_0[12]   ; GPIO_0[12]  ; 1.000        ; 0.000      ; 1.596      ;
; -0.555 ; divcd4024:freqdiv2|count[2] ; divcd4024:freqdiv2|count[5] ; GPIO_0[12]   ; GPIO_0[12]  ; 1.000        ; 0.000      ; 1.591      ;
; -0.554 ; divcd4024:freqdiv7|count[2] ; divcd4024:freqdiv7|count[5] ; GPIO_0[12]   ; GPIO_0[12]  ; 1.000        ; 0.000      ; 1.590      ;
; -0.552 ; divcd4024:freqdiv2|count[1] ; divcd4024:freqdiv2|count[4] ; GPIO_0[12]   ; GPIO_0[12]  ; 1.000        ; 0.000      ; 1.588      ;
; -0.550 ; divcd4024:freqdiv7|count[1] ; divcd4024:freqdiv7|count[4] ; GPIO_0[12]   ; GPIO_0[12]  ; 1.000        ; 0.000      ; 1.586      ;
; -0.532 ; divcd4024:freqdiv6|count[1] ; divcd4024:freqdiv6|count[3] ; GPIO_0[12]   ; GPIO_0[12]  ; 1.000        ; 0.000      ; 1.568      ;
; -0.531 ; divcd4024:freqdiv2|count[0] ; divcd4024:freqdiv2|count[3] ; GPIO_0[12]   ; GPIO_0[12]  ; 1.000        ; 0.000      ; 1.567      ;
; -0.529 ; divcd4024:freqdiv5|count[0] ; divcd4024:freqdiv5|count[3] ; GPIO_0[12]   ; GPIO_0[12]  ; 1.000        ; 0.000      ; 1.565      ;
; -0.529 ; divcd4024:freqdiv2|count[4] ; divcd4024:freqdiv2|count[6] ; GPIO_0[12]   ; GPIO_0[12]  ; 1.000        ; 0.000      ; 1.565      ;
; -0.529 ; divcd4024:freqdiv6|count[3] ; divcd4024:freqdiv6|count[5] ; GPIO_0[12]   ; GPIO_0[12]  ; 1.000        ; 0.000      ; 1.565      ;
; -0.529 ; divcd4024:freqdiv5|count[2] ; divcd4024:freqdiv5|count[4] ; GPIO_0[12]   ; GPIO_0[12]  ; 1.000        ; 0.000      ; 1.565      ;
; -0.528 ; divcd4024:freqdiv3|count[0] ; divcd4024:freqdiv3|count[3] ; GPIO_0[12]   ; GPIO_0[12]  ; 1.000        ; 0.000      ; 1.564      ;
; -0.528 ; divcd4024:freqdiv4|count[4] ; divcd4024:freqdiv4|count[6] ; GPIO_0[12]   ; GPIO_0[12]  ; 1.000        ; 0.000      ; 1.564      ;
; -0.525 ; divcd4024:freqdiv4|count[1] ; divcd4024:freqdiv4|count[3] ; GPIO_0[12]   ; GPIO_0[12]  ; 1.000        ; 0.000      ; 1.561      ;
; -0.525 ; divcd4024:freqdiv5|count[4] ; divcd4024:freqdiv5|count[6] ; GPIO_0[12]   ; GPIO_0[12]  ; 1.000        ; 0.000      ; 1.561      ;
; -0.525 ; divcd4024:freqdiv7|count[4] ; divcd4024:freqdiv7|count[6] ; GPIO_0[12]   ; GPIO_0[12]  ; 1.000        ; 0.000      ; 1.561      ;
; -0.524 ; divcd4024:freqdiv1|count[3] ; divcd4024:freqdiv1|count[5] ; GPIO_0[12]   ; GPIO_0[12]  ; 1.000        ; 0.000      ; 1.560      ;
; -0.522 ; divcd4024:freqdiv3|count[2] ; divcd4024:freqdiv3|count[4] ; GPIO_0[12]   ; GPIO_0[12]  ; 1.000        ; 0.000      ; 1.558      ;
; -0.520 ; divcd4024:freqdiv7|count[0] ; divcd4024:freqdiv7|count[3] ; GPIO_0[12]   ; GPIO_0[12]  ; 1.000        ; 0.000      ; 1.556      ;
; -0.515 ; divcd4024:freqdiv4|count[3] ; divcd4024:freqdiv4|count[4] ; GPIO_0[12]   ; GPIO_0[12]  ; 1.000        ; 0.000      ; 1.551      ;
+--------+-----------------------------+-----------------------------+--------------+-------------+--------------+------------+------------+


+--------------------------------------------------------------------------------------------------------------------------------------------------+
; Slow Model Setup: 'GPIO_0[1]'                                                                                                                    ;
+--------+--------------------------------+----------------------------------+--------------+-------------+--------------+------------+------------+
; Slack  ; From Node                      ; To Node                          ; Launch Clock ; Latch Clock ; Relationship ; Clock Skew ; Data Delay ;
+--------+--------------------------------+----------------------------------+--------------+-------------+--------------+------------+------------+
; -0.373 ; sr74hc595:pitchsr3|inputsr[7]  ; sr74hc595:pitchsr3|storagesr[7]  ; GPIO_0[0]    ; GPIO_0[1]   ; 1.000        ; -0.051     ; 1.358      ;
; -0.358 ; sr74hc595:pitchsr1|inputsr[6]  ; sr74hc595:pitchsr1|storagesr[6]  ; GPIO_0[0]    ; GPIO_0[1]   ; 1.000        ; -0.058     ; 1.336      ;
; -0.353 ; sr74hc595:pitchsr4|inputsr[3]  ; sr74hc595:pitchsr4|storagesr[3]  ; GPIO_0[0]    ; GPIO_0[1]   ; 1.000        ; -0.052     ; 1.337      ;
; -0.351 ; sr74hc595:pitchsr3|inputsr[5]  ; sr74hc595:pitchsr3|storagesr[5]  ; GPIO_0[0]    ; GPIO_0[1]   ; 1.000        ; -0.051     ; 1.336      ;
; -0.232 ; sr74hc595:pitchsr4|inputsr[5]  ; sr74hc595:pitchsr4|storagesr[5]  ; GPIO_0[0]    ; GPIO_0[1]   ; 1.000        ; -0.056     ; 1.212      ;
; -0.231 ; sr74hc595:pitchsr4|inputsr[4]  ; sr74hc595:pitchsr4|storagesr[4]  ; GPIO_0[0]    ; GPIO_0[1]   ; 1.000        ; -0.056     ; 1.211      ;
; -0.228 ; sr74hc595:pitchsr3|inputsr[4]  ; sr74hc595:pitchsr3|storagesr[4]  ; GPIO_0[0]    ; GPIO_0[1]   ; 1.000        ; -0.051     ; 1.213      ;
; -0.223 ; sr74hc595:pitchsr4|inputsr[0]  ; sr74hc595:pitchsr4|storagesr[0]  ; GPIO_0[0]    ; GPIO_0[1]   ; 1.000        ; -0.052     ; 1.207      ;
; -0.222 ; sr74hc595:pitchsr3|inputsr[0]  ; sr74hc595:pitchsr3|storagesr[0]  ; GPIO_0[0]    ; GPIO_0[1]   ; 1.000        ; -0.055     ; 1.203      ;
; -0.221 ; sr74hc595:pitchsr3|inputsr[1]  ; sr74hc595:pitchsr3|storagesr[1]  ; GPIO_0[0]    ; GPIO_0[1]   ; 1.000        ; -0.055     ; 1.202      ;
; -0.219 ; sr74hc595:pitchsr3|inputsr[2]  ; sr74hc595:pitchsr3|storagesr[2]  ; GPIO_0[0]    ; GPIO_0[1]   ; 1.000        ; -0.055     ; 1.200      ;
; -0.219 ; sr74hc595:pitchsr4|inputsr[1]  ; sr74hc595:pitchsr4|storagesr[1]  ; GPIO_0[0]    ; GPIO_0[1]   ; 1.000        ; -0.052     ; 1.203      ;
; -0.181 ; sr74hc595:pitchsr2|inputsr[5]  ; sr74hc595:pitchsr2|storagesr[5]  ; GPIO_0[0]    ; GPIO_0[1]   ; 1.000        ; -0.017     ; 1.200      ;
; -0.164 ; sr74hc595:pitchsr2|inputsr[7]  ; sr74hc595:pitchsr2|storagesr[7]  ; GPIO_0[0]    ; GPIO_0[1]   ; 1.000        ; -0.017     ; 1.183      ;
; -0.077 ; sr74hc595:pitchsr3|inputsr[6]  ; sr74hc595:pitchsr3|storagesr[6]  ; GPIO_0[0]    ; GPIO_0[1]   ; 1.000        ; -0.051     ; 1.062      ;
; -0.041 ; sr74hc595:pitchsr2|inputsr[6]  ; sr74hc595:pitchsr2|storagesr[6]  ; GPIO_0[0]    ; GPIO_0[1]   ; 1.000        ; -0.017     ; 1.060      ;
; -0.018 ; sr74hc595:pitchsr2|inputsr[4]  ; sr74hc595:pitchsr2|storagesr[4]  ; GPIO_0[0]    ; GPIO_0[1]   ; 1.000        ; -0.249     ; 0.805      ;
; -0.001 ; sr74hc595:pitchsr2|inputsr[2]  ; sr74hc595:pitchsr2|storagesr[2]  ; GPIO_0[0]    ; GPIO_0[1]   ; 1.000        ; -0.249     ; 0.788      ;
; 0.001  ; sr74hc595:pitchsr2|inputsr[3]  ; sr74hc595:pitchsr2|storagesr[3]  ; GPIO_0[0]    ; GPIO_0[1]   ; 1.000        ; -0.249     ; 0.786      ;
; 0.002  ; sr74hc595:pitchsr2|inputsr[0]  ; sr74hc595:pitchsr2|storagesr[0]  ; GPIO_0[0]    ; GPIO_0[1]   ; 1.000        ; -0.249     ; 0.785      ;
; 0.004  ; sr74hc595:pitchsr2|inputsr[1]  ; sr74hc595:pitchsr2|storagesr[1]  ; GPIO_0[0]    ; GPIO_0[1]   ; 1.000        ; -0.249     ; 0.783      ;
; 0.142  ; sr74hc595:pitchsr1|inputsr[2]  ; sr74hc595:pitchsr1|storagesr[2]  ; GPIO_0[0]    ; GPIO_0[1]   ; 1.000        ; -0.095     ; 0.799      ;
; 0.149  ; sr74hc595:pitchsr1|inputsr[3]  ; sr74hc595:pitchsr1|storagesr[3]  ; GPIO_0[0]    ; GPIO_0[1]   ; 1.000        ; -0.095     ; 0.792      ;
; 0.149  ; sr74hc595:pitchsr1|inputsr[5]  ; sr74hc595:pitchsr1|storagesr[5]  ; GPIO_0[0]    ; GPIO_0[1]   ; 1.000        ; -0.095     ; 0.792      ;
; 0.149  ; sr74hc595:pitchsr1|inputsr[4]  ; sr74hc595:pitchsr1|storagesr[4]  ; GPIO_0[0]    ; GPIO_0[1]   ; 1.000        ; -0.095     ; 0.792      ;
; 0.150  ; sr74hc595:pitchsr1|inputsr[0]  ; sr74hc595:pitchsr1|storagesr[0]  ; GPIO_0[0]    ; GPIO_0[1]   ; 1.000        ; -0.095     ; 0.791      ;
; 0.150  ; sr74hc595:pitchsr1|inputsr[1]  ; sr74hc595:pitchsr1|storagesr[1]  ; GPIO_0[0]    ; GPIO_0[1]   ; 1.000        ; -0.095     ; 0.791      ;
; 0.150  ; sr74hc595:pitchsr1|inputsr[7]  ; sr74hc595:pitchsr1|storagesr[7]  ; GPIO_0[0]    ; GPIO_0[1]   ; 1.000        ; -0.095     ; 0.791      ;
; 0.188  ; sr74hc595:pitchsr3|inputsr[3]  ; sr74hc595:pitchsr3|storagesr[3]  ; GPIO_0[0]    ; GPIO_0[1]   ; 1.000        ; -0.055     ; 0.793      ;
; 0.194  ; sr74hc595:pitchsr4|inputsr[6]  ; sr74hc595:pitchsr4|storagesr[6]  ; GPIO_0[0]    ; GPIO_0[1]   ; 1.000        ; -0.056     ; 0.786      ;
; 0.197  ; sr74hc595:pitchsr4|inputsr[2]  ; sr74hc595:pitchsr4|storagesr[2]  ; GPIO_0[0]    ; GPIO_0[1]   ; 1.000        ; -0.052     ; 0.787      ;
; 0.207  ; sr74hc595:pitchsr4|inputsr[7]  ; sr74hc595:pitchsr4|storagesr[7]  ; GPIO_0[0]    ; GPIO_0[1]   ; 1.000        ; -0.046     ; 0.783      ;
; 5.753  ; sr74hc595:octavesr2|inputsr[4] ; sr74hc595:octavesr2|storagesr[4] ; GPIO_0[0]    ; GPIO_0[1]   ; 1.000        ; 6.091      ; 1.374      ;
; 5.753  ; sr74hc595:octavesr2|inputsr[7] ; sr74hc595:octavesr2|storagesr[7] ; GPIO_0[0]    ; GPIO_0[1]   ; 1.000        ; 6.091      ; 1.374      ;
; 5.910  ; sr74hc595:octavesr4|inputsr[5] ; sr74hc595:octavesr4|storagesr[5] ; GPIO_0[0]    ; GPIO_0[1]   ; 1.000        ; 5.796      ; 0.922      ;
; 6.040  ; sr74hc595:octavesr4|inputsr[3] ; sr74hc595:octavesr4|storagesr[3] ; GPIO_0[0]    ; GPIO_0[1]   ; 1.000        ; 5.796      ; 0.792      ;
; 6.042  ; sr74hc595:octavesr4|inputsr[0] ; sr74hc595:octavesr4|storagesr[0] ; GPIO_0[0]    ; GPIO_0[1]   ; 1.000        ; 5.796      ; 0.790      ;
; 6.042  ; sr74hc595:octavesr4|inputsr[2] ; sr74hc595:octavesr4|storagesr[2] ; GPIO_0[0]    ; GPIO_0[1]   ; 1.000        ; 5.796      ; 0.790      ;
; 6.042  ; sr74hc595:octavesr4|inputsr[4] ; sr74hc595:octavesr4|storagesr[4] ; GPIO_0[0]    ; GPIO_0[1]   ; 1.000        ; 5.796      ; 0.790      ;
; 6.042  ; sr74hc595:octavesr4|inputsr[7] ; sr74hc595:octavesr4|storagesr[7] ; GPIO_0[0]    ; GPIO_0[1]   ; 1.000        ; 5.796      ; 0.790      ;
; 6.043  ; sr74hc595:octavesr4|inputsr[1] ; sr74hc595:octavesr4|storagesr[1] ; GPIO_0[0]    ; GPIO_0[1]   ; 1.000        ; 5.796      ; 0.789      ;
; 6.048  ; sr74hc595:octavesr4|inputsr[6] ; sr74hc595:octavesr4|storagesr[6] ; GPIO_0[0]    ; GPIO_0[1]   ; 1.000        ; 5.796      ; 0.784      ;
; 6.094  ; sr74hc595:octavesr3|inputsr[1] ; sr74hc595:octavesr3|storagesr[1] ; GPIO_0[0]    ; GPIO_0[1]   ; 1.000        ; 5.984      ; 0.926      ;
; 6.211  ; sr74hc595:octavesr2|inputsr[6] ; sr74hc595:octavesr2|storagesr[6] ; GPIO_0[0]    ; GPIO_0[1]   ; 1.000        ; 6.101      ; 0.926      ;
; 6.228  ; sr74hc595:octavesr3|inputsr[4] ; sr74hc595:octavesr3|storagesr[4] ; GPIO_0[0]    ; GPIO_0[1]   ; 1.000        ; 5.984      ; 0.792      ;
; 6.229  ; sr74hc595:octavesr3|inputsr[2] ; sr74hc595:octavesr3|storagesr[2] ; GPIO_0[0]    ; GPIO_0[1]   ; 1.000        ; 5.984      ; 0.791      ;
; 6.229  ; sr74hc595:octavesr3|inputsr[3] ; sr74hc595:octavesr3|storagesr[3] ; GPIO_0[0]    ; GPIO_0[1]   ; 1.000        ; 5.984      ; 0.791      ;
; 6.229  ; sr74hc595:octavesr3|inputsr[6] ; sr74hc595:octavesr3|storagesr[6] ; GPIO_0[0]    ; GPIO_0[1]   ; 1.000        ; 5.984      ; 0.791      ;
; 6.230  ; sr74hc595:octavesr3|inputsr[0] ; sr74hc595:octavesr3|storagesr[0] ; GPIO_0[0]    ; GPIO_0[1]   ; 1.000        ; 5.984      ; 0.790      ;
; 6.231  ; sr74hc595:octavesr3|inputsr[5] ; sr74hc595:octavesr3|storagesr[5] ; GPIO_0[0]    ; GPIO_0[1]   ; 1.000        ; 5.984      ; 0.789      ;
; 6.231  ; sr74hc595:octavesr3|inputsr[7] ; sr74hc595:octavesr3|storagesr[7] ; GPIO_0[0]    ; GPIO_0[1]   ; 1.000        ; 5.984      ; 0.789      ;
; 6.345  ; sr74hc595:octavesr2|inputsr[3] ; sr74hc595:octavesr2|storagesr[3] ; GPIO_0[0]    ; GPIO_0[1]   ; 1.000        ; 6.101      ; 0.792      ;
; 6.346  ; sr74hc595:octavesr1|inputsr[7] ; sr74hc595:octavesr1|storagesr[7] ; GPIO_0[0]    ; GPIO_0[1]   ; 1.000        ; 6.101      ; 0.791      ;
; 6.346  ; sr74hc595:octavesr2|inputsr[2] ; sr74hc595:octavesr2|storagesr[2] ; GPIO_0[0]    ; GPIO_0[1]   ; 1.000        ; 6.101      ; 0.791      ;
; 6.347  ; sr74hc595:octavesr2|inputsr[5] ; sr74hc595:octavesr2|storagesr[5] ; GPIO_0[0]    ; GPIO_0[1]   ; 1.000        ; 6.101      ; 0.790      ;
; 6.348  ; sr74hc595:octavesr2|inputsr[0] ; sr74hc595:octavesr2|storagesr[0] ; GPIO_0[0]    ; GPIO_0[1]   ; 1.000        ; 6.101      ; 0.789      ;
; 6.353  ; sr74hc595:octavesr2|inputsr[1] ; sr74hc595:octavesr2|storagesr[1] ; GPIO_0[0]    ; GPIO_0[1]   ; 1.000        ; 6.101      ; 0.784      ;
; 6.846  ; sr74hc595:octavesr1|inputsr[6] ; sr74hc595:octavesr1|storagesr[6] ; GPIO_0[0]    ; GPIO_0[1]   ; 1.000        ; 6.603      ; 0.793      ;
; 6.849  ; sr74hc595:octavesr1|inputsr[1] ; sr74hc595:octavesr1|storagesr[1] ; GPIO_0[0]    ; GPIO_0[1]   ; 1.000        ; 6.603      ; 0.790      ;
; 6.849  ; sr74hc595:octavesr1|inputsr[3] ; sr74hc595:octavesr1|storagesr[3] ; GPIO_0[0]    ; GPIO_0[1]   ; 1.000        ; 6.603      ; 0.790      ;
; 6.850  ; sr74hc595:octavesr1|inputsr[2] ; sr74hc595:octavesr1|storagesr[2] ; GPIO_0[0]    ; GPIO_0[1]   ; 1.000        ; 6.603      ; 0.789      ;
; 6.850  ; sr74hc595:octavesr1|inputsr[5] ; sr74hc595:octavesr1|storagesr[5] ; GPIO_0[0]    ; GPIO_0[1]   ; 1.000        ; 6.603      ; 0.789      ;
; 6.850  ; sr74hc595:octavesr1|inputsr[4] ; sr74hc595:octavesr1|storagesr[4] ; GPIO_0[0]    ; GPIO_0[1]   ; 1.000        ; 6.603      ; 0.789      ;
; 6.856  ; sr74hc595:octavesr1|inputsr[0] ; sr74hc595:octavesr1|storagesr[0] ; GPIO_0[0]    ; GPIO_0[1]   ; 1.000        ; 6.603      ; 0.783      ;
+--------+--------------------------------+----------------------------------+--------------+-------------+--------------+------------+------------+


+--------------------------------------------------------------------------------------------------------------------------------------------------+
; Slow Model Hold: 'GPIO_0[1]'                                                                                                                     ;
+--------+--------------------------------+----------------------------------+--------------+-------------+--------------+------------+------------+
; Slack  ; From Node                      ; To Node                          ; Launch Clock ; Latch Clock ; Relationship ; Clock Skew ; Data Delay ;
+--------+--------------------------------+----------------------------------+--------------+-------------+--------------+------------+------------+
; -6.086 ; sr74hc595:octavesr1|inputsr[0] ; sr74hc595:octavesr1|storagesr[0] ; GPIO_0[0]    ; GPIO_0[1]   ; 0.000        ; 6.603      ; 0.783      ;
; -6.080 ; sr74hc595:octavesr1|inputsr[2] ; sr74hc595:octavesr1|storagesr[2] ; GPIO_0[0]    ; GPIO_0[1]   ; 0.000        ; 6.603      ; 0.789      ;
; -6.080 ; sr74hc595:octavesr1|inputsr[5] ; sr74hc595:octavesr1|storagesr[5] ; GPIO_0[0]    ; GPIO_0[1]   ; 0.000        ; 6.603      ; 0.789      ;
; -6.080 ; sr74hc595:octavesr1|inputsr[4] ; sr74hc595:octavesr1|storagesr[4] ; GPIO_0[0]    ; GPIO_0[1]   ; 0.000        ; 6.603      ; 0.789      ;
; -6.079 ; sr74hc595:octavesr1|inputsr[1] ; sr74hc595:octavesr1|storagesr[1] ; GPIO_0[0]    ; GPIO_0[1]   ; 0.000        ; 6.603      ; 0.790      ;
; -6.079 ; sr74hc595:octavesr1|inputsr[3] ; sr74hc595:octavesr1|storagesr[3] ; GPIO_0[0]    ; GPIO_0[1]   ; 0.000        ; 6.603      ; 0.790      ;
; -6.076 ; sr74hc595:octavesr1|inputsr[6] ; sr74hc595:octavesr1|storagesr[6] ; GPIO_0[0]    ; GPIO_0[1]   ; 0.000        ; 6.603      ; 0.793      ;
; -5.583 ; sr74hc595:octavesr2|inputsr[1] ; sr74hc595:octavesr2|storagesr[1] ; GPIO_0[0]    ; GPIO_0[1]   ; 0.000        ; 6.101      ; 0.784      ;
; -5.578 ; sr74hc595:octavesr2|inputsr[0] ; sr74hc595:octavesr2|storagesr[0] ; GPIO_0[0]    ; GPIO_0[1]   ; 0.000        ; 6.101      ; 0.789      ;
; -5.577 ; sr74hc595:octavesr2|inputsr[5] ; sr74hc595:octavesr2|storagesr[5] ; GPIO_0[0]    ; GPIO_0[1]   ; 0.000        ; 6.101      ; 0.790      ;
; -5.576 ; sr74hc595:octavesr1|inputsr[7] ; sr74hc595:octavesr1|storagesr[7] ; GPIO_0[0]    ; GPIO_0[1]   ; 0.000        ; 6.101      ; 0.791      ;
; -5.576 ; sr74hc595:octavesr2|inputsr[2] ; sr74hc595:octavesr2|storagesr[2] ; GPIO_0[0]    ; GPIO_0[1]   ; 0.000        ; 6.101      ; 0.791      ;
; -5.575 ; sr74hc595:octavesr2|inputsr[3] ; sr74hc595:octavesr2|storagesr[3] ; GPIO_0[0]    ; GPIO_0[1]   ; 0.000        ; 6.101      ; 0.792      ;
; -5.461 ; sr74hc595:octavesr3|inputsr[5] ; sr74hc595:octavesr3|storagesr[5] ; GPIO_0[0]    ; GPIO_0[1]   ; 0.000        ; 5.984      ; 0.789      ;
; -5.461 ; sr74hc595:octavesr3|inputsr[7] ; sr74hc595:octavesr3|storagesr[7] ; GPIO_0[0]    ; GPIO_0[1]   ; 0.000        ; 5.984      ; 0.789      ;
; -5.460 ; sr74hc595:octavesr3|inputsr[0] ; sr74hc595:octavesr3|storagesr[0] ; GPIO_0[0]    ; GPIO_0[1]   ; 0.000        ; 5.984      ; 0.790      ;
; -5.459 ; sr74hc595:octavesr3|inputsr[2] ; sr74hc595:octavesr3|storagesr[2] ; GPIO_0[0]    ; GPIO_0[1]   ; 0.000        ; 5.984      ; 0.791      ;
; -5.459 ; sr74hc595:octavesr3|inputsr[3] ; sr74hc595:octavesr3|storagesr[3] ; GPIO_0[0]    ; GPIO_0[1]   ; 0.000        ; 5.984      ; 0.791      ;
; -5.459 ; sr74hc595:octavesr3|inputsr[6] ; sr74hc595:octavesr3|storagesr[6] ; GPIO_0[0]    ; GPIO_0[1]   ; 0.000        ; 5.984      ; 0.791      ;
; -5.458 ; sr74hc595:octavesr3|inputsr[4] ; sr74hc595:octavesr3|storagesr[4] ; GPIO_0[0]    ; GPIO_0[1]   ; 0.000        ; 5.984      ; 0.792      ;
; -5.441 ; sr74hc595:octavesr2|inputsr[6] ; sr74hc595:octavesr2|storagesr[6] ; GPIO_0[0]    ; GPIO_0[1]   ; 0.000        ; 6.101      ; 0.926      ;
; -5.324 ; sr74hc595:octavesr3|inputsr[1] ; sr74hc595:octavesr3|storagesr[1] ; GPIO_0[0]    ; GPIO_0[1]   ; 0.000        ; 5.984      ; 0.926      ;
; -5.278 ; sr74hc595:octavesr4|inputsr[6] ; sr74hc595:octavesr4|storagesr[6] ; GPIO_0[0]    ; GPIO_0[1]   ; 0.000        ; 5.796      ; 0.784      ;
; -5.273 ; sr74hc595:octavesr4|inputsr[1] ; sr74hc595:octavesr4|storagesr[1] ; GPIO_0[0]    ; GPIO_0[1]   ; 0.000        ; 5.796      ; 0.789      ;
; -5.272 ; sr74hc595:octavesr4|inputsr[0] ; sr74hc595:octavesr4|storagesr[0] ; GPIO_0[0]    ; GPIO_0[1]   ; 0.000        ; 5.796      ; 0.790      ;
; -5.272 ; sr74hc595:octavesr4|inputsr[2] ; sr74hc595:octavesr4|storagesr[2] ; GPIO_0[0]    ; GPIO_0[1]   ; 0.000        ; 5.796      ; 0.790      ;
; -5.272 ; sr74hc595:octavesr4|inputsr[4] ; sr74hc595:octavesr4|storagesr[4] ; GPIO_0[0]    ; GPIO_0[1]   ; 0.000        ; 5.796      ; 0.790      ;
; -5.272 ; sr74hc595:octavesr4|inputsr[7] ; sr74hc595:octavesr4|storagesr[7] ; GPIO_0[0]    ; GPIO_0[1]   ; 0.000        ; 5.796      ; 0.790      ;
; -5.270 ; sr74hc595:octavesr4|inputsr[3] ; sr74hc595:octavesr4|storagesr[3] ; GPIO_0[0]    ; GPIO_0[1]   ; 0.000        ; 5.796      ; 0.792      ;
; -5.140 ; sr74hc595:octavesr4|inputsr[5] ; sr74hc595:octavesr4|storagesr[5] ; GPIO_0[0]    ; GPIO_0[1]   ; 0.000        ; 5.796      ; 0.922      ;
; -4.983 ; sr74hc595:octavesr2|inputsr[4] ; sr74hc595:octavesr2|storagesr[4] ; GPIO_0[0]    ; GPIO_0[1]   ; 0.000        ; 6.091      ; 1.374      ;
; -4.983 ; sr74hc595:octavesr2|inputsr[7] ; sr74hc595:octavesr2|storagesr[7] ; GPIO_0[0]    ; GPIO_0[1]   ; 0.000        ; 6.091      ; 1.374      ;
; 0.563  ; sr74hc595:pitchsr4|inputsr[7]  ; sr74hc595:pitchsr4|storagesr[7]  ; GPIO_0[0]    ; GPIO_0[1]   ; 0.000        ; -0.046     ; 0.783      ;
; 0.573  ; sr74hc595:pitchsr4|inputsr[2]  ; sr74hc595:pitchsr4|storagesr[2]  ; GPIO_0[0]    ; GPIO_0[1]   ; 0.000        ; -0.052     ; 0.787      ;
; 0.576  ; sr74hc595:pitchsr4|inputsr[6]  ; sr74hc595:pitchsr4|storagesr[6]  ; GPIO_0[0]    ; GPIO_0[1]   ; 0.000        ; -0.056     ; 0.786      ;
; 0.582  ; sr74hc595:pitchsr3|inputsr[3]  ; sr74hc595:pitchsr3|storagesr[3]  ; GPIO_0[0]    ; GPIO_0[1]   ; 0.000        ; -0.055     ; 0.793      ;
; 0.620  ; sr74hc595:pitchsr1|inputsr[0]  ; sr74hc595:pitchsr1|storagesr[0]  ; GPIO_0[0]    ; GPIO_0[1]   ; 0.000        ; -0.095     ; 0.791      ;
; 0.620  ; sr74hc595:pitchsr1|inputsr[1]  ; sr74hc595:pitchsr1|storagesr[1]  ; GPIO_0[0]    ; GPIO_0[1]   ; 0.000        ; -0.095     ; 0.791      ;
; 0.620  ; sr74hc595:pitchsr1|inputsr[7]  ; sr74hc595:pitchsr1|storagesr[7]  ; GPIO_0[0]    ; GPIO_0[1]   ; 0.000        ; -0.095     ; 0.791      ;
; 0.621  ; sr74hc595:pitchsr1|inputsr[3]  ; sr74hc595:pitchsr1|storagesr[3]  ; GPIO_0[0]    ; GPIO_0[1]   ; 0.000        ; -0.095     ; 0.792      ;
; 0.621  ; sr74hc595:pitchsr1|inputsr[5]  ; sr74hc595:pitchsr1|storagesr[5]  ; GPIO_0[0]    ; GPIO_0[1]   ; 0.000        ; -0.095     ; 0.792      ;
; 0.621  ; sr74hc595:pitchsr1|inputsr[4]  ; sr74hc595:pitchsr1|storagesr[4]  ; GPIO_0[0]    ; GPIO_0[1]   ; 0.000        ; -0.095     ; 0.792      ;
; 0.628  ; sr74hc595:pitchsr1|inputsr[2]  ; sr74hc595:pitchsr1|storagesr[2]  ; GPIO_0[0]    ; GPIO_0[1]   ; 0.000        ; -0.095     ; 0.799      ;
; 0.766  ; sr74hc595:pitchsr2|inputsr[1]  ; sr74hc595:pitchsr2|storagesr[1]  ; GPIO_0[0]    ; GPIO_0[1]   ; 0.000        ; -0.249     ; 0.783      ;
; 0.768  ; sr74hc595:pitchsr2|inputsr[0]  ; sr74hc595:pitchsr2|storagesr[0]  ; GPIO_0[0]    ; GPIO_0[1]   ; 0.000        ; -0.249     ; 0.785      ;
; 0.769  ; sr74hc595:pitchsr2|inputsr[3]  ; sr74hc595:pitchsr2|storagesr[3]  ; GPIO_0[0]    ; GPIO_0[1]   ; 0.000        ; -0.249     ; 0.786      ;
; 0.771  ; sr74hc595:pitchsr2|inputsr[2]  ; sr74hc595:pitchsr2|storagesr[2]  ; GPIO_0[0]    ; GPIO_0[1]   ; 0.000        ; -0.249     ; 0.788      ;
; 0.788  ; sr74hc595:pitchsr2|inputsr[4]  ; sr74hc595:pitchsr2|storagesr[4]  ; GPIO_0[0]    ; GPIO_0[1]   ; 0.000        ; -0.249     ; 0.805      ;
; 0.811  ; sr74hc595:pitchsr2|inputsr[6]  ; sr74hc595:pitchsr2|storagesr[6]  ; GPIO_0[0]    ; GPIO_0[1]   ; 0.000        ; -0.017     ; 1.060      ;
; 0.847  ; sr74hc595:pitchsr3|inputsr[6]  ; sr74hc595:pitchsr3|storagesr[6]  ; GPIO_0[0]    ; GPIO_0[1]   ; 0.000        ; -0.051     ; 1.062      ;
; 0.934  ; sr74hc595:pitchsr2|inputsr[7]  ; sr74hc595:pitchsr2|storagesr[7]  ; GPIO_0[0]    ; GPIO_0[1]   ; 0.000        ; -0.017     ; 1.183      ;
; 0.951  ; sr74hc595:pitchsr2|inputsr[5]  ; sr74hc595:pitchsr2|storagesr[5]  ; GPIO_0[0]    ; GPIO_0[1]   ; 0.000        ; -0.017     ; 1.200      ;
; 0.989  ; sr74hc595:pitchsr3|inputsr[2]  ; sr74hc595:pitchsr3|storagesr[2]  ; GPIO_0[0]    ; GPIO_0[1]   ; 0.000        ; -0.055     ; 1.200      ;
; 0.989  ; sr74hc595:pitchsr4|inputsr[1]  ; sr74hc595:pitchsr4|storagesr[1]  ; GPIO_0[0]    ; GPIO_0[1]   ; 0.000        ; -0.052     ; 1.203      ;
; 0.991  ; sr74hc595:pitchsr3|inputsr[1]  ; sr74hc595:pitchsr3|storagesr[1]  ; GPIO_0[0]    ; GPIO_0[1]   ; 0.000        ; -0.055     ; 1.202      ;
; 0.992  ; sr74hc595:pitchsr3|inputsr[0]  ; sr74hc595:pitchsr3|storagesr[0]  ; GPIO_0[0]    ; GPIO_0[1]   ; 0.000        ; -0.055     ; 1.203      ;
; 0.993  ; sr74hc595:pitchsr4|inputsr[0]  ; sr74hc595:pitchsr4|storagesr[0]  ; GPIO_0[0]    ; GPIO_0[1]   ; 0.000        ; -0.052     ; 1.207      ;
; 0.998  ; sr74hc595:pitchsr3|inputsr[4]  ; sr74hc595:pitchsr3|storagesr[4]  ; GPIO_0[0]    ; GPIO_0[1]   ; 0.000        ; -0.051     ; 1.213      ;
; 1.001  ; sr74hc595:pitchsr4|inputsr[4]  ; sr74hc595:pitchsr4|storagesr[4]  ; GPIO_0[0]    ; GPIO_0[1]   ; 0.000        ; -0.056     ; 1.211      ;
; 1.002  ; sr74hc595:pitchsr4|inputsr[5]  ; sr74hc595:pitchsr4|storagesr[5]  ; GPIO_0[0]    ; GPIO_0[1]   ; 0.000        ; -0.056     ; 1.212      ;
; 1.121  ; sr74hc595:pitchsr3|inputsr[5]  ; sr74hc595:pitchsr3|storagesr[5]  ; GPIO_0[0]    ; GPIO_0[1]   ; 0.000        ; -0.051     ; 1.336      ;
; 1.123  ; sr74hc595:pitchsr4|inputsr[3]  ; sr74hc595:pitchsr4|storagesr[3]  ; GPIO_0[0]    ; GPIO_0[1]   ; 0.000        ; -0.052     ; 1.337      ;
; 1.128  ; sr74hc595:pitchsr1|inputsr[6]  ; sr74hc595:pitchsr1|storagesr[6]  ; GPIO_0[0]    ; GPIO_0[1]   ; 0.000        ; -0.058     ; 1.336      ;
; 1.143  ; sr74hc595:pitchsr3|inputsr[7]  ; sr74hc595:pitchsr3|storagesr[7]  ; GPIO_0[0]    ; GPIO_0[1]   ; 0.000        ; -0.051     ; 1.358      ;
+--------+--------------------------------+----------------------------------+--------------+-------------+--------------+------------+------------+


+-----------------------------------------------------------------------------------------------------------------------------------------+
; Slow Model Hold: 'GPIO_0[12]'                                                                                                           ;
+-------+-----------------------------+-----------------------------+--------------+-------------+--------------+------------+------------+
; Slack ; From Node                   ; To Node                     ; Launch Clock ; Latch Clock ; Relationship ; Clock Skew ; Data Delay ;
+-------+-----------------------------+-----------------------------+--------------+-------------+--------------+------------+------------+
; 0.391 ; divcd4024:freqdiv1|count[0] ; divcd4024:freqdiv1|count[0] ; GPIO_0[12]   ; GPIO_0[12]  ; 0.000        ; 0.000      ; 0.657      ;
; 0.391 ; divcd4024:freqdiv2|count[0] ; divcd4024:freqdiv2|count[0] ; GPIO_0[12]   ; GPIO_0[12]  ; 0.000        ; 0.000      ; 0.657      ;
; 0.391 ; divcd4024:freqdiv3|count[0] ; divcd4024:freqdiv3|count[0] ; GPIO_0[12]   ; GPIO_0[12]  ; 0.000        ; 0.000      ; 0.657      ;
; 0.391 ; divcd4024:freqdiv4|count[0] ; divcd4024:freqdiv4|count[0] ; GPIO_0[12]   ; GPIO_0[12]  ; 0.000        ; 0.000      ; 0.657      ;
; 0.391 ; divcd4024:freqdiv5|count[0] ; divcd4024:freqdiv5|count[0] ; GPIO_0[12]   ; GPIO_0[12]  ; 0.000        ; 0.000      ; 0.657      ;
; 0.391 ; divcd4024:freqdiv6|count[0] ; divcd4024:freqdiv6|count[0] ; GPIO_0[12]   ; GPIO_0[12]  ; 0.000        ; 0.000      ; 0.657      ;
; 0.391 ; divcd4024:freqdiv7|count[0] ; divcd4024:freqdiv7|count[0] ; GPIO_0[12]   ; GPIO_0[12]  ; 0.000        ; 0.000      ; 0.657      ;
; 0.391 ; divcd4024:freqdiv8|count[0] ; divcd4024:freqdiv8|count[0] ; GPIO_0[12]   ; GPIO_0[12]  ; 0.000        ; 0.000      ; 0.657      ;
; 0.525 ; divcd4024:freqdiv3|count[6] ; divcd4024:freqdiv3|count[6] ; GPIO_0[12]   ; GPIO_0[12]  ; 0.000        ; 0.000      ; 0.791      ;
; 0.526 ; divcd4024:freqdiv7|count[6] ; divcd4024:freqdiv7|count[6] ; GPIO_0[12]   ; GPIO_0[12]  ; 0.000        ; 0.000      ; 0.792      ;
; 0.530 ; divcd4024:freqdiv1|count[6] ; divcd4024:freqdiv1|count[6] ; GPIO_0[12]   ; GPIO_0[12]  ; 0.000        ; 0.000      ; 0.796      ;
; 0.530 ; divcd4024:freqdiv2|count[6] ; divcd4024:freqdiv2|count[6] ; GPIO_0[12]   ; GPIO_0[12]  ; 0.000        ; 0.000      ; 0.796      ;
; 0.530 ; divcd4024:freqdiv5|count[6] ; divcd4024:freqdiv5|count[6] ; GPIO_0[12]   ; GPIO_0[12]  ; 0.000        ; 0.000      ; 0.796      ;
; 0.530 ; divcd4024:freqdiv6|count[6] ; divcd4024:freqdiv6|count[6] ; GPIO_0[12]   ; GPIO_0[12]  ; 0.000        ; 0.000      ; 0.796      ;
; 0.795 ; divcd4024:freqdiv7|count[1] ; divcd4024:freqdiv7|count[1] ; GPIO_0[12]   ; GPIO_0[12]  ; 0.000        ; 0.000      ; 1.061      ;
; 0.797 ; divcd4024:freqdiv2|count[1] ; divcd4024:freqdiv2|count[1] ; GPIO_0[12]   ; GPIO_0[12]  ; 0.000        ; 0.000      ; 1.063      ;
; 0.798 ; divcd4024:freqdiv1|count[0] ; divcd4024:freqdiv1|count[1] ; GPIO_0[12]   ; GPIO_0[12]  ; 0.000        ; 0.000      ; 1.064      ;
; 0.799 ; divcd4024:freqdiv7|count[2] ; divcd4024:freqdiv7|count[2] ; GPIO_0[12]   ; GPIO_0[12]  ; 0.000        ; 0.000      ; 1.065      ;
; 0.800 ; divcd4024:freqdiv2|count[2] ; divcd4024:freqdiv2|count[2] ; GPIO_0[12]   ; GPIO_0[12]  ; 0.000        ; 0.000      ; 1.066      ;
; 0.801 ; divcd4024:freqdiv4|count[5] ; divcd4024:freqdiv4|count[5] ; GPIO_0[12]   ; GPIO_0[12]  ; 0.000        ; 0.000      ; 1.067      ;
; 0.802 ; divcd4024:freqdiv1|count[2] ; divcd4024:freqdiv1|count[2] ; GPIO_0[12]   ; GPIO_0[12]  ; 0.000        ; 0.000      ; 1.068      ;
; 0.802 ; divcd4024:freqdiv3|count[4] ; divcd4024:freqdiv3|count[4] ; GPIO_0[12]   ; GPIO_0[12]  ; 0.000        ; 0.000      ; 1.068      ;
; 0.805 ; divcd4024:freqdiv2|count[3] ; divcd4024:freqdiv2|count[3] ; GPIO_0[12]   ; GPIO_0[12]  ; 0.000        ; 0.000      ; 1.071      ;
; 0.805 ; divcd4024:freqdiv5|count[3] ; divcd4024:freqdiv5|count[3] ; GPIO_0[12]   ; GPIO_0[12]  ; 0.000        ; 0.000      ; 1.071      ;
; 0.805 ; divcd4024:freqdiv5|count[5] ; divcd4024:freqdiv5|count[5] ; GPIO_0[12]   ; GPIO_0[12]  ; 0.000        ; 0.000      ; 1.071      ;
; 0.805 ; divcd4024:freqdiv7|count[3] ; divcd4024:freqdiv7|count[3] ; GPIO_0[12]   ; GPIO_0[12]  ; 0.000        ; 0.000      ; 1.071      ;
; 0.806 ; divcd4024:freqdiv2|count[5] ; divcd4024:freqdiv2|count[5] ; GPIO_0[12]   ; GPIO_0[12]  ; 0.000        ; 0.000      ; 1.072      ;
; 0.806 ; divcd4024:freqdiv3|count[1] ; divcd4024:freqdiv3|count[1] ; GPIO_0[12]   ; GPIO_0[12]  ; 0.000        ; 0.000      ; 1.072      ;
; 0.806 ; divcd4024:freqdiv6|count[2] ; divcd4024:freqdiv6|count[2] ; GPIO_0[12]   ; GPIO_0[12]  ; 0.000        ; 0.000      ; 1.072      ;
; 0.806 ; divcd4024:freqdiv6|count[4] ; divcd4024:freqdiv6|count[4] ; GPIO_0[12]   ; GPIO_0[12]  ; 0.000        ; 0.000      ; 1.072      ;
; 0.806 ; divcd4024:freqdiv7|count[5] ; divcd4024:freqdiv7|count[5] ; GPIO_0[12]   ; GPIO_0[12]  ; 0.000        ; 0.000      ; 1.072      ;
; 0.806 ; divcd4024:freqdiv8|count[3] ; divcd4024:freqdiv8|count[3] ; GPIO_0[12]   ; GPIO_0[12]  ; 0.000        ; 0.000      ; 1.072      ;
; 0.807 ; divcd4024:freqdiv4|count[0] ; divcd4024:freqdiv4|count[1] ; GPIO_0[12]   ; GPIO_0[12]  ; 0.000        ; 0.000      ; 1.073      ;
; 0.809 ; divcd4024:freqdiv1|count[4] ; divcd4024:freqdiv1|count[4] ; GPIO_0[12]   ; GPIO_0[12]  ; 0.000        ; 0.000      ; 1.075      ;
; 0.809 ; divcd4024:freqdiv5|count[1] ; divcd4024:freqdiv5|count[1] ; GPIO_0[12]   ; GPIO_0[12]  ; 0.000        ; 0.000      ; 1.075      ;
; 0.810 ; divcd4024:freqdiv4|count[3] ; divcd4024:freqdiv4|count[3] ; GPIO_0[12]   ; GPIO_0[12]  ; 0.000        ; 0.000      ; 1.076      ;
; 0.810 ; divcd4024:freqdiv6|count[0] ; divcd4024:freqdiv6|count[1] ; GPIO_0[12]   ; GPIO_0[12]  ; 0.000        ; 0.000      ; 1.076      ;
; 0.810 ; divcd4024:freqdiv8|count[1] ; divcd4024:freqdiv8|count[1] ; GPIO_0[12]   ; GPIO_0[12]  ; 0.000        ; 0.000      ; 1.076      ;
; 0.810 ; divcd4024:freqdiv8|count[6] ; divcd4024:freqdiv8|count[6] ; GPIO_0[12]   ; GPIO_0[12]  ; 0.000        ; 0.000      ; 1.076      ;
; 0.831 ; divcd4024:freqdiv8|count[5] ; divcd4024:freqdiv8|count[5] ; GPIO_0[12]   ; GPIO_0[12]  ; 0.000        ; 0.000      ; 1.097      ;
; 0.832 ; divcd4024:freqdiv7|count[0] ; divcd4024:freqdiv7|count[1] ; GPIO_0[12]   ; GPIO_0[12]  ; 0.000        ; 0.000      ; 1.098      ;
; 0.834 ; divcd4024:freqdiv1|count[1] ; divcd4024:freqdiv1|count[1] ; GPIO_0[12]   ; GPIO_0[12]  ; 0.000        ; 0.000      ; 1.100      ;
; 0.835 ; divcd4024:freqdiv3|count[2] ; divcd4024:freqdiv3|count[2] ; GPIO_0[12]   ; GPIO_0[12]  ; 0.000        ; 0.000      ; 1.101      ;
; 0.835 ; divcd4024:freqdiv3|count[3] ; divcd4024:freqdiv3|count[3] ; GPIO_0[12]   ; GPIO_0[12]  ; 0.000        ; 0.000      ; 1.101      ;
; 0.837 ; divcd4024:freqdiv1|count[3] ; divcd4024:freqdiv1|count[3] ; GPIO_0[12]   ; GPIO_0[12]  ; 0.000        ; 0.000      ; 1.103      ;
; 0.837 ; divcd4024:freqdiv3|count[5] ; divcd4024:freqdiv3|count[5] ; GPIO_0[12]   ; GPIO_0[12]  ; 0.000        ; 0.000      ; 1.103      ;
; 0.837 ; divcd4024:freqdiv4|count[1] ; divcd4024:freqdiv4|count[1] ; GPIO_0[12]   ; GPIO_0[12]  ; 0.000        ; 0.000      ; 1.103      ;
; 0.838 ; divcd4024:freqdiv1|count[5] ; divcd4024:freqdiv1|count[5] ; GPIO_0[12]   ; GPIO_0[12]  ; 0.000        ; 0.000      ; 1.104      ;
; 0.838 ; divcd4024:freqdiv4|count[6] ; divcd4024:freqdiv4|count[6] ; GPIO_0[12]   ; GPIO_0[12]  ; 0.000        ; 0.000      ; 1.104      ;
; 0.838 ; divcd4024:freqdiv5|count[4] ; divcd4024:freqdiv5|count[4] ; GPIO_0[12]   ; GPIO_0[12]  ; 0.000        ; 0.000      ; 1.104      ;
; 0.838 ; divcd4024:freqdiv7|count[4] ; divcd4024:freqdiv7|count[4] ; GPIO_0[12]   ; GPIO_0[12]  ; 0.000        ; 0.000      ; 1.104      ;
; 0.839 ; divcd4024:freqdiv4|count[2] ; divcd4024:freqdiv4|count[2] ; GPIO_0[12]   ; GPIO_0[12]  ; 0.000        ; 0.000      ; 1.105      ;
; 0.840 ; divcd4024:freqdiv3|count[0] ; divcd4024:freqdiv3|count[1] ; GPIO_0[12]   ; GPIO_0[12]  ; 0.000        ; 0.000      ; 1.106      ;
; 0.841 ; divcd4024:freqdiv4|count[4] ; divcd4024:freqdiv4|count[4] ; GPIO_0[12]   ; GPIO_0[12]  ; 0.000        ; 0.000      ; 1.107      ;
; 0.841 ; divcd4024:freqdiv5|count[0] ; divcd4024:freqdiv5|count[1] ; GPIO_0[12]   ; GPIO_0[12]  ; 0.000        ; 0.000      ; 1.107      ;
; 0.842 ; divcd4024:freqdiv2|count[4] ; divcd4024:freqdiv2|count[4] ; GPIO_0[12]   ; GPIO_0[12]  ; 0.000        ; 0.000      ; 1.108      ;
; 0.842 ; divcd4024:freqdiv5|count[2] ; divcd4024:freqdiv5|count[2] ; GPIO_0[12]   ; GPIO_0[12]  ; 0.000        ; 0.000      ; 1.108      ;
; 0.842 ; divcd4024:freqdiv6|count[3] ; divcd4024:freqdiv6|count[3] ; GPIO_0[12]   ; GPIO_0[12]  ; 0.000        ; 0.000      ; 1.108      ;
; 0.842 ; divcd4024:freqdiv6|count[5] ; divcd4024:freqdiv6|count[5] ; GPIO_0[12]   ; GPIO_0[12]  ; 0.000        ; 0.000      ; 1.108      ;
; 0.843 ; divcd4024:freqdiv2|count[0] ; divcd4024:freqdiv2|count[1] ; GPIO_0[12]   ; GPIO_0[12]  ; 0.000        ; 0.000      ; 1.109      ;
; 0.844 ; divcd4024:freqdiv6|count[1] ; divcd4024:freqdiv6|count[1] ; GPIO_0[12]   ; GPIO_0[12]  ; 0.000        ; 0.000      ; 1.110      ;
; 0.982 ; divcd4024:freqdiv8|count[4] ; divcd4024:freqdiv8|count[4] ; GPIO_0[12]   ; GPIO_0[12]  ; 0.000        ; 0.000      ; 1.248      ;
; 0.982 ; divcd4024:freqdiv8|count[0] ; divcd4024:freqdiv8|count[1] ; GPIO_0[12]   ; GPIO_0[12]  ; 0.000        ; 0.000      ; 1.248      ;
; 0.988 ; divcd4024:freqdiv8|count[2] ; divcd4024:freqdiv8|count[2] ; GPIO_0[12]   ; GPIO_0[12]  ; 0.000        ; 0.000      ; 1.254      ;
; 1.178 ; divcd4024:freqdiv7|count[1] ; divcd4024:freqdiv7|count[2] ; GPIO_0[12]   ; GPIO_0[12]  ; 0.000        ; 0.000      ; 1.444      ;
; 1.180 ; divcd4024:freqdiv2|count[1] ; divcd4024:freqdiv2|count[2] ; GPIO_0[12]   ; GPIO_0[12]  ; 0.000        ; 0.000      ; 1.446      ;
; 1.181 ; divcd4024:freqdiv1|count[0] ; divcd4024:freqdiv1|count[2] ; GPIO_0[12]   ; GPIO_0[12]  ; 0.000        ; 0.000      ; 1.447      ;
; 1.182 ; divcd4024:freqdiv7|count[2] ; divcd4024:freqdiv7|count[3] ; GPIO_0[12]   ; GPIO_0[12]  ; 0.000        ; 0.000      ; 1.448      ;
; 1.183 ; divcd4024:freqdiv2|count[2] ; divcd4024:freqdiv2|count[3] ; GPIO_0[12]   ; GPIO_0[12]  ; 0.000        ; 0.000      ; 1.449      ;
; 1.184 ; divcd4024:freqdiv4|count[5] ; divcd4024:freqdiv4|count[6] ; GPIO_0[12]   ; GPIO_0[12]  ; 0.000        ; 0.000      ; 1.450      ;
; 1.188 ; divcd4024:freqdiv5|count[5] ; divcd4024:freqdiv5|count[6] ; GPIO_0[12]   ; GPIO_0[12]  ; 0.000        ; 0.000      ; 1.454      ;
; 1.188 ; divcd4024:freqdiv5|count[3] ; divcd4024:freqdiv5|count[4] ; GPIO_0[12]   ; GPIO_0[12]  ; 0.000        ; 0.000      ; 1.454      ;
; 1.188 ; divcd4024:freqdiv7|count[3] ; divcd4024:freqdiv7|count[4] ; GPIO_0[12]   ; GPIO_0[12]  ; 0.000        ; 0.000      ; 1.454      ;
; 1.188 ; divcd4024:freqdiv2|count[3] ; divcd4024:freqdiv2|count[4] ; GPIO_0[12]   ; GPIO_0[12]  ; 0.000        ; 0.000      ; 1.454      ;
; 1.189 ; divcd4024:freqdiv7|count[5] ; divcd4024:freqdiv7|count[6] ; GPIO_0[12]   ; GPIO_0[12]  ; 0.000        ; 0.000      ; 1.455      ;
; 1.189 ; divcd4024:freqdiv2|count[5] ; divcd4024:freqdiv2|count[6] ; GPIO_0[12]   ; GPIO_0[12]  ; 0.000        ; 0.000      ; 1.455      ;
; 1.189 ; divcd4024:freqdiv3|count[1] ; divcd4024:freqdiv3|count[2] ; GPIO_0[12]   ; GPIO_0[12]  ; 0.000        ; 0.000      ; 1.455      ;
; 1.189 ; divcd4024:freqdiv6|count[2] ; divcd4024:freqdiv6|count[3] ; GPIO_0[12]   ; GPIO_0[12]  ; 0.000        ; 0.000      ; 1.455      ;
; 1.189 ; divcd4024:freqdiv6|count[4] ; divcd4024:freqdiv6|count[5] ; GPIO_0[12]   ; GPIO_0[12]  ; 0.000        ; 0.000      ; 1.455      ;
; 1.189 ; divcd4024:freqdiv8|count[3] ; divcd4024:freqdiv8|count[4] ; GPIO_0[12]   ; GPIO_0[12]  ; 0.000        ; 0.000      ; 1.455      ;
; 1.190 ; divcd4024:freqdiv4|count[0] ; divcd4024:freqdiv4|count[2] ; GPIO_0[12]   ; GPIO_0[12]  ; 0.000        ; 0.000      ; 1.456      ;
; 1.192 ; divcd4024:freqdiv1|count[4] ; divcd4024:freqdiv1|count[5] ; GPIO_0[12]   ; GPIO_0[12]  ; 0.000        ; 0.000      ; 1.458      ;
; 1.192 ; divcd4024:freqdiv5|count[1] ; divcd4024:freqdiv5|count[2] ; GPIO_0[12]   ; GPIO_0[12]  ; 0.000        ; 0.000      ; 1.458      ;
; 1.193 ; divcd4024:freqdiv6|count[0] ; divcd4024:freqdiv6|count[2] ; GPIO_0[12]   ; GPIO_0[12]  ; 0.000        ; 0.000      ; 1.459      ;
; 1.193 ; divcd4024:freqdiv8|count[1] ; divcd4024:freqdiv8|count[2] ; GPIO_0[12]   ; GPIO_0[12]  ; 0.000        ; 0.000      ; 1.459      ;
; 1.217 ; divcd4024:freqdiv8|count[5] ; divcd4024:freqdiv8|count[6] ; GPIO_0[12]   ; GPIO_0[12]  ; 0.000        ; 0.000      ; 1.483      ;
; 1.219 ; divcd4024:freqdiv7|count[0] ; divcd4024:freqdiv7|count[2] ; GPIO_0[12]   ; GPIO_0[12]  ; 0.000        ; 0.000      ; 1.485      ;
; 1.221 ; divcd4024:freqdiv3|count[3] ; divcd4024:freqdiv3|count[4] ; GPIO_0[12]   ; GPIO_0[12]  ; 0.000        ; 0.000      ; 1.487      ;
; 1.221 ; divcd4024:freqdiv3|count[2] ; divcd4024:freqdiv3|count[3] ; GPIO_0[12]   ; GPIO_0[12]  ; 0.000        ; 0.000      ; 1.487      ;
; 1.221 ; divcd4024:freqdiv1|count[1] ; divcd4024:freqdiv1|count[2] ; GPIO_0[12]   ; GPIO_0[12]  ; 0.000        ; 0.000      ; 1.487      ;
; 1.223 ; divcd4024:freqdiv3|count[5] ; divcd4024:freqdiv3|count[6] ; GPIO_0[12]   ; GPIO_0[12]  ; 0.000        ; 0.000      ; 1.489      ;
; 1.223 ; divcd4024:freqdiv1|count[3] ; divcd4024:freqdiv1|count[4] ; GPIO_0[12]   ; GPIO_0[12]  ; 0.000        ; 0.000      ; 1.489      ;
; 1.224 ; divcd4024:freqdiv1|count[5] ; divcd4024:freqdiv1|count[6] ; GPIO_0[12]   ; GPIO_0[12]  ; 0.000        ; 0.000      ; 1.490      ;
; 1.224 ; divcd4024:freqdiv5|count[4] ; divcd4024:freqdiv5|count[5] ; GPIO_0[12]   ; GPIO_0[12]  ; 0.000        ; 0.000      ; 1.490      ;
; 1.224 ; divcd4024:freqdiv7|count[4] ; divcd4024:freqdiv7|count[5] ; GPIO_0[12]   ; GPIO_0[12]  ; 0.000        ; 0.000      ; 1.490      ;
; 1.224 ; divcd4024:freqdiv4|count[1] ; divcd4024:freqdiv4|count[2] ; GPIO_0[12]   ; GPIO_0[12]  ; 0.000        ; 0.000      ; 1.490      ;
; 1.225 ; divcd4024:freqdiv4|count[2] ; divcd4024:freqdiv4|count[3] ; GPIO_0[12]   ; GPIO_0[12]  ; 0.000        ; 0.000      ; 1.491      ;
; 1.227 ; divcd4024:freqdiv4|count[4] ; divcd4024:freqdiv4|count[5] ; GPIO_0[12]   ; GPIO_0[12]  ; 0.000        ; 0.000      ; 1.493      ;
; 1.227 ; divcd4024:freqdiv3|count[0] ; divcd4024:freqdiv3|count[2] ; GPIO_0[12]   ; GPIO_0[12]  ; 0.000        ; 0.000      ; 1.493      ;
; 1.228 ; divcd4024:freqdiv6|count[5] ; divcd4024:freqdiv6|count[6] ; GPIO_0[12]   ; GPIO_0[12]  ; 0.000        ; 0.000      ; 1.494      ;
+-------+-----------------------------+-----------------------------+--------------+-------------+--------------+------------+------------+


+-----------------------------------------------------------------------------------------------------------------------------------------------+
; Slow Model Hold: 'GPIO_0[0]'                                                                                                                  ;
+-------+--------------------------------+--------------------------------+--------------+-------------+--------------+------------+------------+
; Slack ; From Node                      ; To Node                        ; Launch Clock ; Latch Clock ; Relationship ; Clock Skew ; Data Delay ;
+-------+--------------------------------+--------------------------------+--------------+-------------+--------------+------------+------------+
; 0.859 ; sr74hc595:octavesr1|inputsr[6] ; sr74hc595:octavesr1|inputsr[7] ; GPIO_0[0]    ; GPIO_0[0]   ; 0.000        ; 0.466      ; 1.591      ;
; 0.877 ; sr74hc595:octavesr3|inputsr[7] ; sr74hc595:octavesr4|inputsr[0] ; GPIO_0[0]    ; GPIO_0[0]   ; 0.000        ; 0.176      ; 1.319      ;
; 0.913 ; sr74hc595:octavesr1|inputsr[0] ; sr74hc595:octavesr1|inputsr[1] ; GPIO_0[0]    ; GPIO_0[0]   ; 0.000        ; 0.000      ; 1.179      ;
; 0.915 ; sr74hc595:octavesr2|inputsr[1] ; sr74hc595:octavesr2|inputsr[2] ; GPIO_0[0]    ; GPIO_0[0]   ; 0.000        ; 0.000      ; 1.181      ;
; 0.918 ; sr74hc595:octavesr1|inputsr[4] ; sr74hc595:octavesr1|inputsr[5] ; GPIO_0[0]    ; GPIO_0[0]   ; 0.000        ; 0.000      ; 1.184      ;
; 0.918 ; sr74hc595:octavesr3|inputsr[0] ; sr74hc595:octavesr3|inputsr[1] ; GPIO_0[0]    ; GPIO_0[0]   ; 0.000        ; 0.000      ; 1.184      ;
; 0.920 ; sr74hc595:octavesr3|inputsr[4] ; sr74hc595:octavesr3|inputsr[5] ; GPIO_0[0]    ; GPIO_0[0]   ; 0.000        ; 0.000      ; 1.186      ;
; 0.920 ; sr74hc595:octavesr4|inputsr[0] ; sr74hc595:octavesr4|inputsr[1] ; GPIO_0[0]    ; GPIO_0[0]   ; 0.000        ; 0.000      ; 1.186      ;
; 0.921 ; sr74hc595:octavesr1|inputsr[3] ; sr74hc595:octavesr1|inputsr[4] ; GPIO_0[0]    ; GPIO_0[0]   ; 0.000        ; 0.000      ; 1.187      ;
; 0.921 ; sr74hc595:octavesr3|inputsr[3] ; sr74hc595:octavesr3|inputsr[4] ; GPIO_0[0]    ; GPIO_0[0]   ; 0.000        ; 0.000      ; 1.187      ;
; 0.922 ; sr74hc595:octavesr4|inputsr[4] ; sr74hc595:octavesr4|inputsr[5] ; GPIO_0[0]    ; GPIO_0[0]   ; 0.000        ; 0.000      ; 1.188      ;
; 0.924 ; sr74hc595:octavesr2|inputsr[2] ; sr74hc595:octavesr2|inputsr[3] ; GPIO_0[0]    ; GPIO_0[0]   ; 0.000        ; 0.000      ; 1.190      ;
; 0.924 ; sr74hc595:octavesr4|inputsr[3] ; sr74hc595:octavesr4|inputsr[4] ; GPIO_0[0]    ; GPIO_0[0]   ; 0.000        ; 0.000      ; 1.190      ;
; 0.930 ; sr74hc595:pitchsr3|inputsr[2]  ; sr74hc595:pitchsr3|inputsr[3]  ; GPIO_0[0]    ; GPIO_0[0]   ; 0.000        ; 0.000      ; 1.196      ;
; 0.934 ; sr74hc595:pitchsr3|inputsr[1]  ; sr74hc595:pitchsr3|inputsr[2]  ; GPIO_0[0]    ; GPIO_0[0]   ; 0.000        ; 0.000      ; 1.200      ;
; 0.935 ; sr74hc595:pitchsr3|inputsr[0]  ; sr74hc595:pitchsr3|inputsr[1]  ; GPIO_0[0]    ; GPIO_0[0]   ; 0.000        ; 0.000      ; 1.201      ;
; 0.938 ; sr74hc595:pitchsr4|inputsr[0]  ; sr74hc595:pitchsr4|inputsr[1]  ; GPIO_0[0]    ; GPIO_0[0]   ; 0.000        ; 0.000      ; 1.204      ;
; 0.940 ; sr74hc595:pitchsr4|inputsr[1]  ; sr74hc595:pitchsr4|inputsr[2]  ; GPIO_0[0]    ; GPIO_0[0]   ; 0.000        ; 0.000      ; 1.206      ;
; 0.948 ; sr74hc595:pitchsr3|inputsr[4]  ; sr74hc595:pitchsr3|inputsr[5]  ; GPIO_0[0]    ; GPIO_0[0]   ; 0.000        ; 0.000      ; 1.214      ;
; 0.949 ; sr74hc595:pitchsr4|inputsr[5]  ; sr74hc595:pitchsr4|inputsr[6]  ; GPIO_0[0]    ; GPIO_0[0]   ; 0.000        ; 0.000      ; 1.215      ;
; 0.996 ; sr74hc595:octavesr2|inputsr[7] ; sr74hc595:octavesr3|inputsr[0] ; GPIO_0[0]    ; GPIO_0[0]   ; 0.000        ; 0.112      ; 1.374      ;
; 1.027 ; sr74hc595:pitchsr1|inputsr[6]  ; sr74hc595:pitchsr1|inputsr[7]  ; GPIO_0[0]    ; GPIO_0[0]   ; 0.000        ; 0.236      ; 1.529      ;
; 1.043 ; sr74hc595:pitchsr4|inputsr[6]  ; sr74hc595:pitchsr4|inputsr[7]  ; GPIO_0[0]    ; GPIO_0[0]   ; 0.000        ; 0.190      ; 1.499      ;
; 1.054 ; sr74hc595:octavesr1|inputsr[1] ; sr74hc595:octavesr1|inputsr[2] ; GPIO_0[0]    ; GPIO_0[0]   ; 0.000        ; 0.000      ; 1.320      ;
; 1.057 ; sr74hc595:octavesr1|inputsr[2] ; sr74hc595:octavesr1|inputsr[3] ; GPIO_0[0]    ; GPIO_0[0]   ; 0.000        ; 0.000      ; 1.323      ;
; 1.057 ; sr74hc595:octavesr4|inputsr[1] ; sr74hc595:octavesr4|inputsr[2] ; GPIO_0[0]    ; GPIO_0[0]   ; 0.000        ; 0.000      ; 1.323      ;
; 1.057 ; sr74hc595:octavesr4|inputsr[6] ; sr74hc595:octavesr4|inputsr[7] ; GPIO_0[0]    ; GPIO_0[0]   ; 0.000        ; 0.000      ; 1.323      ;
; 1.058 ; sr74hc595:octavesr3|inputsr[2] ; sr74hc595:octavesr3|inputsr[3] ; GPIO_0[0]    ; GPIO_0[0]   ; 0.000        ; 0.000      ; 1.324      ;
; 1.060 ; sr74hc595:octavesr1|inputsr[5] ; sr74hc595:octavesr1|inputsr[6] ; GPIO_0[0]    ; GPIO_0[0]   ; 0.000        ; 0.000      ; 1.326      ;
; 1.060 ; sr74hc595:octavesr2|inputsr[0] ; sr74hc595:octavesr2|inputsr[1] ; GPIO_0[0]    ; GPIO_0[0]   ; 0.000        ; 0.000      ; 1.326      ;
; 1.060 ; sr74hc595:octavesr4|inputsr[2] ; sr74hc595:octavesr4|inputsr[3] ; GPIO_0[0]    ; GPIO_0[0]   ; 0.000        ; 0.000      ; 1.326      ;
; 1.061 ; sr74hc595:octavesr2|inputsr[5] ; sr74hc595:octavesr2|inputsr[6] ; GPIO_0[0]    ; GPIO_0[0]   ; 0.000        ; 0.000      ; 1.327      ;
; 1.062 ; sr74hc595:octavesr3|inputsr[5] ; sr74hc595:octavesr3|inputsr[6] ; GPIO_0[0]    ; GPIO_0[0]   ; 0.000        ; 0.000      ; 1.328      ;
; 1.064 ; sr74hc595:octavesr3|inputsr[6] ; sr74hc595:octavesr3|inputsr[7] ; GPIO_0[0]    ; GPIO_0[0]   ; 0.000        ; 0.000      ; 1.330      ;
; 1.065 ; sr74hc595:octavesr1|inputsr[7] ; sr74hc595:octavesr2|inputsr[0] ; GPIO_0[0]    ; GPIO_0[0]   ; 0.000        ; 0.000      ; 1.331      ;
; 1.065 ; sr74hc595:octavesr2|inputsr[3] ; sr74hc595:octavesr2|inputsr[4] ; GPIO_0[0]    ; GPIO_0[0]   ; 0.000        ; 0.000      ; 1.331      ;
; 1.067 ; sr74hc595:pitchsr3|inputsr[5]  ; sr74hc595:pitchsr3|inputsr[6]  ; GPIO_0[0]    ; GPIO_0[0]   ; 0.000        ; 0.000      ; 1.333      ;
; 1.084 ; sr74hc595:pitchsr2|inputsr[6]  ; sr74hc595:pitchsr2|inputsr[7]  ; GPIO_0[0]    ; GPIO_0[0]   ; 0.000        ; 0.000      ; 1.350      ;
; 1.195 ; sr74hc595:octavesr3|inputsr[1] ; sr74hc595:octavesr3|inputsr[2] ; GPIO_0[0]    ; GPIO_0[0]   ; 0.000        ; 0.000      ; 1.461      ;
; 1.197 ; sr74hc595:octavesr2|inputsr[6] ; sr74hc595:octavesr2|inputsr[7] ; GPIO_0[0]    ; GPIO_0[0]   ; 0.000        ; 0.000      ; 1.463      ;
; 1.197 ; sr74hc595:octavesr4|inputsr[5] ; sr74hc595:octavesr4|inputsr[6] ; GPIO_0[0]    ; GPIO_0[0]   ; 0.000        ; 0.000      ; 1.463      ;
; 1.209 ; sr74hc595:pitchsr2|inputsr[1]  ; sr74hc595:pitchsr2|inputsr[2]  ; GPIO_0[0]    ; GPIO_0[0]   ; 0.000        ; 0.000      ; 1.475      ;
; 1.239 ; sr74hc595:pitchsr2|inputsr[2]  ; sr74hc595:pitchsr2|inputsr[3]  ; GPIO_0[0]    ; GPIO_0[0]   ; 0.000        ; 0.000      ; 1.505      ;
; 1.243 ; sr74hc595:pitchsr1|inputsr[4]  ; sr74hc595:pitchsr1|inputsr[5]  ; GPIO_0[0]    ; GPIO_0[0]   ; 0.000        ; 0.000      ; 1.509      ;
; 1.243 ; sr74hc595:pitchsr2|inputsr[0]  ; sr74hc595:pitchsr2|inputsr[1]  ; GPIO_0[0]    ; GPIO_0[0]   ; 0.000        ; 0.000      ; 1.509      ;
; 1.244 ; sr74hc595:octavesr2|inputsr[4] ; sr74hc595:octavesr2|inputsr[5] ; GPIO_0[0]    ; GPIO_0[0]   ; 0.000        ; 0.000      ; 1.510      ;
; 1.245 ; sr74hc595:pitchsr1|inputsr[1]  ; sr74hc595:pitchsr1|inputsr[2]  ; GPIO_0[0]    ; GPIO_0[0]   ; 0.000        ; 0.000      ; 1.511      ;
; 1.248 ; sr74hc595:pitchsr2|inputsr[5]  ; sr74hc595:pitchsr2|inputsr[6]  ; GPIO_0[0]    ; GPIO_0[0]   ; 0.000        ; 0.000      ; 1.514      ;
; 1.252 ; sr74hc595:pitchsr4|inputsr[4]  ; sr74hc595:pitchsr4|inputsr[5]  ; GPIO_0[0]    ; GPIO_0[0]   ; 0.000        ; 0.000      ; 1.518      ;
; 1.274 ; sr74hc595:pitchsr4|inputsr[2]  ; sr74hc595:pitchsr4|inputsr[3]  ; GPIO_0[0]    ; GPIO_0[0]   ; 0.000        ; 0.000      ; 1.540      ;
; 1.337 ; sr74hc595:pitchsr3|inputsr[6]  ; sr74hc595:pitchsr3|inputsr[7]  ; GPIO_0[0]    ; GPIO_0[0]   ; 0.000        ; 0.000      ; 1.603      ;
; 1.459 ; sr74hc595:pitchsr1|inputsr[3]  ; sr74hc595:pitchsr1|inputsr[4]  ; GPIO_0[0]    ; GPIO_0[0]   ; 0.000        ; 0.000      ; 1.725      ;
; 1.472 ; sr74hc595:pitchsr2|inputsr[7]  ; sr74hc595:pitchsr3|inputsr[0]  ; GPIO_0[0]    ; GPIO_0[0]   ; 0.000        ; 0.305      ; 2.043      ;
; 1.474 ; sr74hc595:pitchsr1|inputsr[0]  ; sr74hc595:pitchsr1|inputsr[1]  ; GPIO_0[0]    ; GPIO_0[0]   ; 0.000        ; 0.000      ; 1.740      ;
; 1.479 ; sr74hc595:pitchsr2|inputsr[3]  ; sr74hc595:pitchsr2|inputsr[4]  ; GPIO_0[0]    ; GPIO_0[0]   ; 0.000        ; 0.000      ; 1.745      ;
; 1.583 ; sr74hc595:pitchsr2|inputsr[4]  ; sr74hc595:pitchsr2|inputsr[5]  ; GPIO_0[0]    ; GPIO_0[0]   ; 0.000        ; -0.243     ; 1.606      ;
; 1.671 ; sr74hc595:pitchsr4|inputsr[3]  ; sr74hc595:pitchsr4|inputsr[4]  ; GPIO_0[0]    ; GPIO_0[0]   ; 0.000        ; 0.325      ; 2.262      ;
; 1.703 ; sr74hc595:pitchsr1|inputsr[7]  ; sr74hc595:pitchsr2|inputsr[0]  ; GPIO_0[0]    ; GPIO_0[0]   ; 0.000        ; -0.126     ; 1.843      ;
; 1.745 ; sr74hc595:pitchsr1|inputsr[2]  ; sr74hc595:pitchsr1|inputsr[3]  ; GPIO_0[0]    ; GPIO_0[0]   ; 0.000        ; 0.000      ; 2.011      ;
; 2.065 ; sr74hc595:pitchsr3|inputsr[3]  ; sr74hc595:pitchsr3|inputsr[4]  ; GPIO_0[0]    ; GPIO_0[0]   ; 0.000        ; -0.502     ; 1.829      ;
; 2.078 ; sr74hc595:pitchsr3|inputsr[7]  ; sr74hc595:pitchsr4|inputsr[0]  ; GPIO_0[0]    ; GPIO_0[0]   ; 0.000        ; 0.003      ; 2.347      ;
; 2.117 ; sr74hc595:pitchsr1|inputsr[5]  ; sr74hc595:pitchsr1|inputsr[6]  ; GPIO_0[0]    ; GPIO_0[0]   ; 0.000        ; -0.236     ; 2.147      ;
+-------+--------------------------------+--------------------------------+--------------+-------------+--------------+------------+------------+


+---------------------------------------------------------------------------------------------------------------------+
; Slow Model Minimum Pulse Width: 'GPIO_0[0]'                                                                         ;
+--------+--------------+----------------+------------------+-----------+------------+--------------------------------+
; Slack  ; Actual Width ; Required Width ; Type             ; Clock     ; Clock Edge ; Target                         ;
+--------+--------------+----------------+------------------+-----------+------------+--------------------------------+
; -1.777 ; 1.000        ; 2.777          ; Port Rate        ; GPIO_0[0] ; Rise       ; GPIO_0[0]                      ;
; -0.500 ; 0.500        ; 1.000          ; High Pulse Width ; GPIO_0[0] ; Rise       ; sr74hc595:octavesr1|inputsr[0] ;
; -0.500 ; 0.500        ; 1.000          ; Low Pulse Width  ; GPIO_0[0] ; Rise       ; sr74hc595:octavesr1|inputsr[0] ;
; -0.500 ; 0.500        ; 1.000          ; High Pulse Width ; GPIO_0[0] ; Rise       ; sr74hc595:octavesr1|inputsr[1] ;
; -0.500 ; 0.500        ; 1.000          ; Low Pulse Width  ; GPIO_0[0] ; Rise       ; sr74hc595:octavesr1|inputsr[1] ;
; -0.500 ; 0.500        ; 1.000          ; High Pulse Width ; GPIO_0[0] ; Rise       ; sr74hc595:octavesr1|inputsr[2] ;
; -0.500 ; 0.500        ; 1.000          ; Low Pulse Width  ; GPIO_0[0] ; Rise       ; sr74hc595:octavesr1|inputsr[2] ;
; -0.500 ; 0.500        ; 1.000          ; High Pulse Width ; GPIO_0[0] ; Rise       ; sr74hc595:octavesr1|inputsr[3] ;
; -0.500 ; 0.500        ; 1.000          ; Low Pulse Width  ; GPIO_0[0] ; Rise       ; sr74hc595:octavesr1|inputsr[3] ;
; -0.500 ; 0.500        ; 1.000          ; High Pulse Width ; GPIO_0[0] ; Rise       ; sr74hc595:octavesr1|inputsr[4] ;
; -0.500 ; 0.500        ; 1.000          ; Low Pulse Width  ; GPIO_0[0] ; Rise       ; sr74hc595:octavesr1|inputsr[4] ;
; -0.500 ; 0.500        ; 1.000          ; High Pulse Width ; GPIO_0[0] ; Rise       ; sr74hc595:octavesr1|inputsr[5] ;
; -0.500 ; 0.500        ; 1.000          ; Low Pulse Width  ; GPIO_0[0] ; Rise       ; sr74hc595:octavesr1|inputsr[5] ;
; -0.500 ; 0.500        ; 1.000          ; High Pulse Width ; GPIO_0[0] ; Rise       ; sr74hc595:octavesr1|inputsr[6] ;
; -0.500 ; 0.500        ; 1.000          ; Low Pulse Width  ; GPIO_0[0] ; Rise       ; sr74hc595:octavesr1|inputsr[6] ;
; -0.500 ; 0.500        ; 1.000          ; High Pulse Width ; GPIO_0[0] ; Rise       ; sr74hc595:octavesr1|inputsr[7] ;
; -0.500 ; 0.500        ; 1.000          ; Low Pulse Width  ; GPIO_0[0] ; Rise       ; sr74hc595:octavesr1|inputsr[7] ;
; -0.500 ; 0.500        ; 1.000          ; High Pulse Width ; GPIO_0[0] ; Rise       ; sr74hc595:octavesr2|inputsr[0] ;
; -0.500 ; 0.500        ; 1.000          ; Low Pulse Width  ; GPIO_0[0] ; Rise       ; sr74hc595:octavesr2|inputsr[0] ;
; -0.500 ; 0.500        ; 1.000          ; High Pulse Width ; GPIO_0[0] ; Rise       ; sr74hc595:octavesr2|inputsr[1] ;
; -0.500 ; 0.500        ; 1.000          ; Low Pulse Width  ; GPIO_0[0] ; Rise       ; sr74hc595:octavesr2|inputsr[1] ;
; -0.500 ; 0.500        ; 1.000          ; High Pulse Width ; GPIO_0[0] ; Rise       ; sr74hc595:octavesr2|inputsr[2] ;
; -0.500 ; 0.500        ; 1.000          ; Low Pulse Width  ; GPIO_0[0] ; Rise       ; sr74hc595:octavesr2|inputsr[2] ;
; -0.500 ; 0.500        ; 1.000          ; High Pulse Width ; GPIO_0[0] ; Rise       ; sr74hc595:octavesr2|inputsr[3] ;
; -0.500 ; 0.500        ; 1.000          ; Low Pulse Width  ; GPIO_0[0] ; Rise       ; sr74hc595:octavesr2|inputsr[3] ;
; -0.500 ; 0.500        ; 1.000          ; High Pulse Width ; GPIO_0[0] ; Rise       ; sr74hc595:octavesr2|inputsr[4] ;
; -0.500 ; 0.500        ; 1.000          ; Low Pulse Width  ; GPIO_0[0] ; Rise       ; sr74hc595:octavesr2|inputsr[4] ;
; -0.500 ; 0.500        ; 1.000          ; High Pulse Width ; GPIO_0[0] ; Rise       ; sr74hc595:octavesr2|inputsr[5] ;
; -0.500 ; 0.500        ; 1.000          ; Low Pulse Width  ; GPIO_0[0] ; Rise       ; sr74hc595:octavesr2|inputsr[5] ;
; -0.500 ; 0.500        ; 1.000          ; High Pulse Width ; GPIO_0[0] ; Rise       ; sr74hc595:octavesr2|inputsr[6] ;
; -0.500 ; 0.500        ; 1.000          ; Low Pulse Width  ; GPIO_0[0] ; Rise       ; sr74hc595:octavesr2|inputsr[6] ;
; -0.500 ; 0.500        ; 1.000          ; High Pulse Width ; GPIO_0[0] ; Rise       ; sr74hc595:octavesr2|inputsr[7] ;
; -0.500 ; 0.500        ; 1.000          ; Low Pulse Width  ; GPIO_0[0] ; Rise       ; sr74hc595:octavesr2|inputsr[7] ;
; -0.500 ; 0.500        ; 1.000          ; High Pulse Width ; GPIO_0[0] ; Rise       ; sr74hc595:octavesr3|inputsr[0] ;
; -0.500 ; 0.500        ; 1.000          ; Low Pulse Width  ; GPIO_0[0] ; Rise       ; sr74hc595:octavesr3|inputsr[0] ;
; -0.500 ; 0.500        ; 1.000          ; High Pulse Width ; GPIO_0[0] ; Rise       ; sr74hc595:octavesr3|inputsr[1] ;
; -0.500 ; 0.500        ; 1.000          ; Low Pulse Width  ; GPIO_0[0] ; Rise       ; sr74hc595:octavesr3|inputsr[1] ;
; -0.500 ; 0.500        ; 1.000          ; High Pulse Width ; GPIO_0[0] ; Rise       ; sr74hc595:octavesr3|inputsr[2] ;
; -0.500 ; 0.500        ; 1.000          ; Low Pulse Width  ; GPIO_0[0] ; Rise       ; sr74hc595:octavesr3|inputsr[2] ;
; -0.500 ; 0.500        ; 1.000          ; High Pulse Width ; GPIO_0[0] ; Rise       ; sr74hc595:octavesr3|inputsr[3] ;
; -0.500 ; 0.500        ; 1.000          ; Low Pulse Width  ; GPIO_0[0] ; Rise       ; sr74hc595:octavesr3|inputsr[3] ;
; -0.500 ; 0.500        ; 1.000          ; High Pulse Width ; GPIO_0[0] ; Rise       ; sr74hc595:octavesr3|inputsr[4] ;
; -0.500 ; 0.500        ; 1.000          ; Low Pulse Width  ; GPIO_0[0] ; Rise       ; sr74hc595:octavesr3|inputsr[4] ;
; -0.500 ; 0.500        ; 1.000          ; High Pulse Width ; GPIO_0[0] ; Rise       ; sr74hc595:octavesr3|inputsr[5] ;
; -0.500 ; 0.500        ; 1.000          ; Low Pulse Width  ; GPIO_0[0] ; Rise       ; sr74hc595:octavesr3|inputsr[5] ;
; -0.500 ; 0.500        ; 1.000          ; High Pulse Width ; GPIO_0[0] ; Rise       ; sr74hc595:octavesr3|inputsr[6] ;
; -0.500 ; 0.500        ; 1.000          ; Low Pulse Width  ; GPIO_0[0] ; Rise       ; sr74hc595:octavesr3|inputsr[6] ;
; -0.500 ; 0.500        ; 1.000          ; High Pulse Width ; GPIO_0[0] ; Rise       ; sr74hc595:octavesr3|inputsr[7] ;
; -0.500 ; 0.500        ; 1.000          ; Low Pulse Width  ; GPIO_0[0] ; Rise       ; sr74hc595:octavesr3|inputsr[7] ;
; -0.500 ; 0.500        ; 1.000          ; High Pulse Width ; GPIO_0[0] ; Rise       ; sr74hc595:octavesr4|inputsr[0] ;
; -0.500 ; 0.500        ; 1.000          ; Low Pulse Width  ; GPIO_0[0] ; Rise       ; sr74hc595:octavesr4|inputsr[0] ;
; -0.500 ; 0.500        ; 1.000          ; High Pulse Width ; GPIO_0[0] ; Rise       ; sr74hc595:octavesr4|inputsr[1] ;
; -0.500 ; 0.500        ; 1.000          ; Low Pulse Width  ; GPIO_0[0] ; Rise       ; sr74hc595:octavesr4|inputsr[1] ;
; -0.500 ; 0.500        ; 1.000          ; High Pulse Width ; GPIO_0[0] ; Rise       ; sr74hc595:octavesr4|inputsr[2] ;
; -0.500 ; 0.500        ; 1.000          ; Low Pulse Width  ; GPIO_0[0] ; Rise       ; sr74hc595:octavesr4|inputsr[2] ;
; -0.500 ; 0.500        ; 1.000          ; High Pulse Width ; GPIO_0[0] ; Rise       ; sr74hc595:octavesr4|inputsr[3] ;
; -0.500 ; 0.500        ; 1.000          ; Low Pulse Width  ; GPIO_0[0] ; Rise       ; sr74hc595:octavesr4|inputsr[3] ;
; -0.500 ; 0.500        ; 1.000          ; High Pulse Width ; GPIO_0[0] ; Rise       ; sr74hc595:octavesr4|inputsr[4] ;
; -0.500 ; 0.500        ; 1.000          ; Low Pulse Width  ; GPIO_0[0] ; Rise       ; sr74hc595:octavesr4|inputsr[4] ;
; -0.500 ; 0.500        ; 1.000          ; High Pulse Width ; GPIO_0[0] ; Rise       ; sr74hc595:octavesr4|inputsr[5] ;
; -0.500 ; 0.500        ; 1.000          ; Low Pulse Width  ; GPIO_0[0] ; Rise       ; sr74hc595:octavesr4|inputsr[5] ;
; -0.500 ; 0.500        ; 1.000          ; High Pulse Width ; GPIO_0[0] ; Rise       ; sr74hc595:octavesr4|inputsr[6] ;
; -0.500 ; 0.500        ; 1.000          ; Low Pulse Width  ; GPIO_0[0] ; Rise       ; sr74hc595:octavesr4|inputsr[6] ;
; -0.500 ; 0.500        ; 1.000          ; High Pulse Width ; GPIO_0[0] ; Rise       ; sr74hc595:octavesr4|inputsr[7] ;
; -0.500 ; 0.500        ; 1.000          ; Low Pulse Width  ; GPIO_0[0] ; Rise       ; sr74hc595:octavesr4|inputsr[7] ;
; -0.500 ; 0.500        ; 1.000          ; High Pulse Width ; GPIO_0[0] ; Rise       ; sr74hc595:pitchsr1|inputsr[0]  ;
; -0.500 ; 0.500        ; 1.000          ; Low Pulse Width  ; GPIO_0[0] ; Rise       ; sr74hc595:pitchsr1|inputsr[0]  ;
; -0.500 ; 0.500        ; 1.000          ; High Pulse Width ; GPIO_0[0] ; Rise       ; sr74hc595:pitchsr1|inputsr[1]  ;
; -0.500 ; 0.500        ; 1.000          ; Low Pulse Width  ; GPIO_0[0] ; Rise       ; sr74hc595:pitchsr1|inputsr[1]  ;
; -0.500 ; 0.500        ; 1.000          ; High Pulse Width ; GPIO_0[0] ; Rise       ; sr74hc595:pitchsr1|inputsr[2]  ;
; -0.500 ; 0.500        ; 1.000          ; Low Pulse Width  ; GPIO_0[0] ; Rise       ; sr74hc595:pitchsr1|inputsr[2]  ;
; -0.500 ; 0.500        ; 1.000          ; High Pulse Width ; GPIO_0[0] ; Rise       ; sr74hc595:pitchsr1|inputsr[3]  ;
; -0.500 ; 0.500        ; 1.000          ; Low Pulse Width  ; GPIO_0[0] ; Rise       ; sr74hc595:pitchsr1|inputsr[3]  ;
; -0.500 ; 0.500        ; 1.000          ; High Pulse Width ; GPIO_0[0] ; Rise       ; sr74hc595:pitchsr1|inputsr[4]  ;
; -0.500 ; 0.500        ; 1.000          ; Low Pulse Width  ; GPIO_0[0] ; Rise       ; sr74hc595:pitchsr1|inputsr[4]  ;
; -0.500 ; 0.500        ; 1.000          ; High Pulse Width ; GPIO_0[0] ; Rise       ; sr74hc595:pitchsr1|inputsr[5]  ;
; -0.500 ; 0.500        ; 1.000          ; Low Pulse Width  ; GPIO_0[0] ; Rise       ; sr74hc595:pitchsr1|inputsr[5]  ;
; -0.500 ; 0.500        ; 1.000          ; High Pulse Width ; GPIO_0[0] ; Rise       ; sr74hc595:pitchsr1|inputsr[6]  ;
; -0.500 ; 0.500        ; 1.000          ; Low Pulse Width  ; GPIO_0[0] ; Rise       ; sr74hc595:pitchsr1|inputsr[6]  ;
; -0.500 ; 0.500        ; 1.000          ; High Pulse Width ; GPIO_0[0] ; Rise       ; sr74hc595:pitchsr1|inputsr[7]  ;
; -0.500 ; 0.500        ; 1.000          ; Low Pulse Width  ; GPIO_0[0] ; Rise       ; sr74hc595:pitchsr1|inputsr[7]  ;
; -0.500 ; 0.500        ; 1.000          ; High Pulse Width ; GPIO_0[0] ; Rise       ; sr74hc595:pitchsr2|inputsr[0]  ;
; -0.500 ; 0.500        ; 1.000          ; Low Pulse Width  ; GPIO_0[0] ; Rise       ; sr74hc595:pitchsr2|inputsr[0]  ;
; -0.500 ; 0.500        ; 1.000          ; High Pulse Width ; GPIO_0[0] ; Rise       ; sr74hc595:pitchsr2|inputsr[1]  ;
; -0.500 ; 0.500        ; 1.000          ; Low Pulse Width  ; GPIO_0[0] ; Rise       ; sr74hc595:pitchsr2|inputsr[1]  ;
; -0.500 ; 0.500        ; 1.000          ; High Pulse Width ; GPIO_0[0] ; Rise       ; sr74hc595:pitchsr2|inputsr[2]  ;
; -0.500 ; 0.500        ; 1.000          ; Low Pulse Width  ; GPIO_0[0] ; Rise       ; sr74hc595:pitchsr2|inputsr[2]  ;
; -0.500 ; 0.500        ; 1.000          ; High Pulse Width ; GPIO_0[0] ; Rise       ; sr74hc595:pitchsr2|inputsr[3]  ;
; -0.500 ; 0.500        ; 1.000          ; Low Pulse Width  ; GPIO_0[0] ; Rise       ; sr74hc595:pitchsr2|inputsr[3]  ;
; -0.500 ; 0.500        ; 1.000          ; High Pulse Width ; GPIO_0[0] ; Rise       ; sr74hc595:pitchsr2|inputsr[4]  ;
; -0.500 ; 0.500        ; 1.000          ; Low Pulse Width  ; GPIO_0[0] ; Rise       ; sr74hc595:pitchsr2|inputsr[4]  ;
; -0.500 ; 0.500        ; 1.000          ; High Pulse Width ; GPIO_0[0] ; Rise       ; sr74hc595:pitchsr2|inputsr[5]  ;
; -0.500 ; 0.500        ; 1.000          ; Low Pulse Width  ; GPIO_0[0] ; Rise       ; sr74hc595:pitchsr2|inputsr[5]  ;
; -0.500 ; 0.500        ; 1.000          ; High Pulse Width ; GPIO_0[0] ; Rise       ; sr74hc595:pitchsr2|inputsr[6]  ;
; -0.500 ; 0.500        ; 1.000          ; Low Pulse Width  ; GPIO_0[0] ; Rise       ; sr74hc595:pitchsr2|inputsr[6]  ;
; -0.500 ; 0.500        ; 1.000          ; High Pulse Width ; GPIO_0[0] ; Rise       ; sr74hc595:pitchsr2|inputsr[7]  ;
; -0.500 ; 0.500        ; 1.000          ; Low Pulse Width  ; GPIO_0[0] ; Rise       ; sr74hc595:pitchsr2|inputsr[7]  ;
; -0.500 ; 0.500        ; 1.000          ; High Pulse Width ; GPIO_0[0] ; Rise       ; sr74hc595:pitchsr3|inputsr[0]  ;
; -0.500 ; 0.500        ; 1.000          ; Low Pulse Width  ; GPIO_0[0] ; Rise       ; sr74hc595:pitchsr3|inputsr[0]  ;
; -0.500 ; 0.500        ; 1.000          ; High Pulse Width ; GPIO_0[0] ; Rise       ; sr74hc595:pitchsr3|inputsr[1]  ;
+--------+--------------+----------------+------------------+-----------+------------+--------------------------------+


+-----------------------------------------------------------------------------------------------------------------------+
; Slow Model Minimum Pulse Width: 'GPIO_0[1]'                                                                           ;
+--------+--------------+----------------+------------------+-----------+------------+----------------------------------+
; Slack  ; Actual Width ; Required Width ; Type             ; Clock     ; Clock Edge ; Target                           ;
+--------+--------------+----------------+------------------+-----------+------------+----------------------------------+
; -1.777 ; 1.000        ; 2.777          ; Port Rate        ; GPIO_0[1] ; Rise       ; GPIO_0[1]                        ;
; -0.500 ; 0.500        ; 1.000          ; High Pulse Width ; GPIO_0[1] ; Rise       ; sr74hc595:octavesr1|storagesr[0] ;
; -0.500 ; 0.500        ; 1.000          ; Low Pulse Width  ; GPIO_0[1] ; Rise       ; sr74hc595:octavesr1|storagesr[0] ;
; -0.500 ; 0.500        ; 1.000          ; High Pulse Width ; GPIO_0[1] ; Rise       ; sr74hc595:octavesr1|storagesr[1] ;
; -0.500 ; 0.500        ; 1.000          ; Low Pulse Width  ; GPIO_0[1] ; Rise       ; sr74hc595:octavesr1|storagesr[1] ;
; -0.500 ; 0.500        ; 1.000          ; High Pulse Width ; GPIO_0[1] ; Rise       ; sr74hc595:octavesr1|storagesr[2] ;
; -0.500 ; 0.500        ; 1.000          ; Low Pulse Width  ; GPIO_0[1] ; Rise       ; sr74hc595:octavesr1|storagesr[2] ;
; -0.500 ; 0.500        ; 1.000          ; High Pulse Width ; GPIO_0[1] ; Rise       ; sr74hc595:octavesr1|storagesr[3] ;
; -0.500 ; 0.500        ; 1.000          ; Low Pulse Width  ; GPIO_0[1] ; Rise       ; sr74hc595:octavesr1|storagesr[3] ;
; -0.500 ; 0.500        ; 1.000          ; High Pulse Width ; GPIO_0[1] ; Rise       ; sr74hc595:octavesr1|storagesr[4] ;
; -0.500 ; 0.500        ; 1.000          ; Low Pulse Width  ; GPIO_0[1] ; Rise       ; sr74hc595:octavesr1|storagesr[4] ;
; -0.500 ; 0.500        ; 1.000          ; High Pulse Width ; GPIO_0[1] ; Rise       ; sr74hc595:octavesr1|storagesr[5] ;
; -0.500 ; 0.500        ; 1.000          ; Low Pulse Width  ; GPIO_0[1] ; Rise       ; sr74hc595:octavesr1|storagesr[5] ;
; -0.500 ; 0.500        ; 1.000          ; High Pulse Width ; GPIO_0[1] ; Rise       ; sr74hc595:octavesr1|storagesr[6] ;
; -0.500 ; 0.500        ; 1.000          ; Low Pulse Width  ; GPIO_0[1] ; Rise       ; sr74hc595:octavesr1|storagesr[6] ;
; -0.500 ; 0.500        ; 1.000          ; High Pulse Width ; GPIO_0[1] ; Rise       ; sr74hc595:octavesr1|storagesr[7] ;
; -0.500 ; 0.500        ; 1.000          ; Low Pulse Width  ; GPIO_0[1] ; Rise       ; sr74hc595:octavesr1|storagesr[7] ;
; -0.500 ; 0.500        ; 1.000          ; High Pulse Width ; GPIO_0[1] ; Rise       ; sr74hc595:octavesr2|storagesr[0] ;
; -0.500 ; 0.500        ; 1.000          ; Low Pulse Width  ; GPIO_0[1] ; Rise       ; sr74hc595:octavesr2|storagesr[0] ;
; -0.500 ; 0.500        ; 1.000          ; High Pulse Width ; GPIO_0[1] ; Rise       ; sr74hc595:octavesr2|storagesr[1] ;
; -0.500 ; 0.500        ; 1.000          ; Low Pulse Width  ; GPIO_0[1] ; Rise       ; sr74hc595:octavesr2|storagesr[1] ;
; -0.500 ; 0.500        ; 1.000          ; High Pulse Width ; GPIO_0[1] ; Rise       ; sr74hc595:octavesr2|storagesr[2] ;
; -0.500 ; 0.500        ; 1.000          ; Low Pulse Width  ; GPIO_0[1] ; Rise       ; sr74hc595:octavesr2|storagesr[2] ;
; -0.500 ; 0.500        ; 1.000          ; High Pulse Width ; GPIO_0[1] ; Rise       ; sr74hc595:octavesr2|storagesr[3] ;
; -0.500 ; 0.500        ; 1.000          ; Low Pulse Width  ; GPIO_0[1] ; Rise       ; sr74hc595:octavesr2|storagesr[3] ;
; -0.500 ; 0.500        ; 1.000          ; High Pulse Width ; GPIO_0[1] ; Rise       ; sr74hc595:octavesr2|storagesr[4] ;
; -0.500 ; 0.500        ; 1.000          ; Low Pulse Width  ; GPIO_0[1] ; Rise       ; sr74hc595:octavesr2|storagesr[4] ;
; -0.500 ; 0.500        ; 1.000          ; High Pulse Width ; GPIO_0[1] ; Rise       ; sr74hc595:octavesr2|storagesr[5] ;
; -0.500 ; 0.500        ; 1.000          ; Low Pulse Width  ; GPIO_0[1] ; Rise       ; sr74hc595:octavesr2|storagesr[5] ;
; -0.500 ; 0.500        ; 1.000          ; High Pulse Width ; GPIO_0[1] ; Rise       ; sr74hc595:octavesr2|storagesr[6] ;
; -0.500 ; 0.500        ; 1.000          ; Low Pulse Width  ; GPIO_0[1] ; Rise       ; sr74hc595:octavesr2|storagesr[6] ;
; -0.500 ; 0.500        ; 1.000          ; High Pulse Width ; GPIO_0[1] ; Rise       ; sr74hc595:octavesr2|storagesr[7] ;
; -0.500 ; 0.500        ; 1.000          ; Low Pulse Width  ; GPIO_0[1] ; Rise       ; sr74hc595:octavesr2|storagesr[7] ;
; -0.500 ; 0.500        ; 1.000          ; High Pulse Width ; GPIO_0[1] ; Rise       ; sr74hc595:octavesr3|storagesr[0] ;
; -0.500 ; 0.500        ; 1.000          ; Low Pulse Width  ; GPIO_0[1] ; Rise       ; sr74hc595:octavesr3|storagesr[0] ;
; -0.500 ; 0.500        ; 1.000          ; High Pulse Width ; GPIO_0[1] ; Rise       ; sr74hc595:octavesr3|storagesr[1] ;
; -0.500 ; 0.500        ; 1.000          ; Low Pulse Width  ; GPIO_0[1] ; Rise       ; sr74hc595:octavesr3|storagesr[1] ;
; -0.500 ; 0.500        ; 1.000          ; High Pulse Width ; GPIO_0[1] ; Rise       ; sr74hc595:octavesr3|storagesr[2] ;
; -0.500 ; 0.500        ; 1.000          ; Low Pulse Width  ; GPIO_0[1] ; Rise       ; sr74hc595:octavesr3|storagesr[2] ;
; -0.500 ; 0.500        ; 1.000          ; High Pulse Width ; GPIO_0[1] ; Rise       ; sr74hc595:octavesr3|storagesr[3] ;
; -0.500 ; 0.500        ; 1.000          ; Low Pulse Width  ; GPIO_0[1] ; Rise       ; sr74hc595:octavesr3|storagesr[3] ;
; -0.500 ; 0.500        ; 1.000          ; High Pulse Width ; GPIO_0[1] ; Rise       ; sr74hc595:octavesr3|storagesr[4] ;
; -0.500 ; 0.500        ; 1.000          ; Low Pulse Width  ; GPIO_0[1] ; Rise       ; sr74hc595:octavesr3|storagesr[4] ;
; -0.500 ; 0.500        ; 1.000          ; High Pulse Width ; GPIO_0[1] ; Rise       ; sr74hc595:octavesr3|storagesr[5] ;
; -0.500 ; 0.500        ; 1.000          ; Low Pulse Width  ; GPIO_0[1] ; Rise       ; sr74hc595:octavesr3|storagesr[5] ;
; -0.500 ; 0.500        ; 1.000          ; High Pulse Width ; GPIO_0[1] ; Rise       ; sr74hc595:octavesr3|storagesr[6] ;
; -0.500 ; 0.500        ; 1.000          ; Low Pulse Width  ; GPIO_0[1] ; Rise       ; sr74hc595:octavesr3|storagesr[6] ;
; -0.500 ; 0.500        ; 1.000          ; High Pulse Width ; GPIO_0[1] ; Rise       ; sr74hc595:octavesr3|storagesr[7] ;
; -0.500 ; 0.500        ; 1.000          ; Low Pulse Width  ; GPIO_0[1] ; Rise       ; sr74hc595:octavesr3|storagesr[7] ;
; -0.500 ; 0.500        ; 1.000          ; High Pulse Width ; GPIO_0[1] ; Rise       ; sr74hc595:octavesr4|storagesr[0] ;
; -0.500 ; 0.500        ; 1.000          ; Low Pulse Width  ; GPIO_0[1] ; Rise       ; sr74hc595:octavesr4|storagesr[0] ;
; -0.500 ; 0.500        ; 1.000          ; High Pulse Width ; GPIO_0[1] ; Rise       ; sr74hc595:octavesr4|storagesr[1] ;
; -0.500 ; 0.500        ; 1.000          ; Low Pulse Width  ; GPIO_0[1] ; Rise       ; sr74hc595:octavesr4|storagesr[1] ;
; -0.500 ; 0.500        ; 1.000          ; High Pulse Width ; GPIO_0[1] ; Rise       ; sr74hc595:octavesr4|storagesr[2] ;
; -0.500 ; 0.500        ; 1.000          ; Low Pulse Width  ; GPIO_0[1] ; Rise       ; sr74hc595:octavesr4|storagesr[2] ;
; -0.500 ; 0.500        ; 1.000          ; High Pulse Width ; GPIO_0[1] ; Rise       ; sr74hc595:octavesr4|storagesr[3] ;
; -0.500 ; 0.500        ; 1.000          ; Low Pulse Width  ; GPIO_0[1] ; Rise       ; sr74hc595:octavesr4|storagesr[3] ;
; -0.500 ; 0.500        ; 1.000          ; High Pulse Width ; GPIO_0[1] ; Rise       ; sr74hc595:octavesr4|storagesr[4] ;
; -0.500 ; 0.500        ; 1.000          ; Low Pulse Width  ; GPIO_0[1] ; Rise       ; sr74hc595:octavesr4|storagesr[4] ;
; -0.500 ; 0.500        ; 1.000          ; High Pulse Width ; GPIO_0[1] ; Rise       ; sr74hc595:octavesr4|storagesr[5] ;
; -0.500 ; 0.500        ; 1.000          ; Low Pulse Width  ; GPIO_0[1] ; Rise       ; sr74hc595:octavesr4|storagesr[5] ;
; -0.500 ; 0.500        ; 1.000          ; High Pulse Width ; GPIO_0[1] ; Rise       ; sr74hc595:octavesr4|storagesr[6] ;
; -0.500 ; 0.500        ; 1.000          ; Low Pulse Width  ; GPIO_0[1] ; Rise       ; sr74hc595:octavesr4|storagesr[6] ;
; -0.500 ; 0.500        ; 1.000          ; High Pulse Width ; GPIO_0[1] ; Rise       ; sr74hc595:octavesr4|storagesr[7] ;
; -0.500 ; 0.500        ; 1.000          ; Low Pulse Width  ; GPIO_0[1] ; Rise       ; sr74hc595:octavesr4|storagesr[7] ;
; -0.500 ; 0.500        ; 1.000          ; High Pulse Width ; GPIO_0[1] ; Rise       ; sr74hc595:pitchsr1|storagesr[0]  ;
; -0.500 ; 0.500        ; 1.000          ; Low Pulse Width  ; GPIO_0[1] ; Rise       ; sr74hc595:pitchsr1|storagesr[0]  ;
; -0.500 ; 0.500        ; 1.000          ; High Pulse Width ; GPIO_0[1] ; Rise       ; sr74hc595:pitchsr1|storagesr[1]  ;
; -0.500 ; 0.500        ; 1.000          ; Low Pulse Width  ; GPIO_0[1] ; Rise       ; sr74hc595:pitchsr1|storagesr[1]  ;
; -0.500 ; 0.500        ; 1.000          ; High Pulse Width ; GPIO_0[1] ; Rise       ; sr74hc595:pitchsr1|storagesr[2]  ;
; -0.500 ; 0.500        ; 1.000          ; Low Pulse Width  ; GPIO_0[1] ; Rise       ; sr74hc595:pitchsr1|storagesr[2]  ;
; -0.500 ; 0.500        ; 1.000          ; High Pulse Width ; GPIO_0[1] ; Rise       ; sr74hc595:pitchsr1|storagesr[3]  ;
; -0.500 ; 0.500        ; 1.000          ; Low Pulse Width  ; GPIO_0[1] ; Rise       ; sr74hc595:pitchsr1|storagesr[3]  ;
; -0.500 ; 0.500        ; 1.000          ; High Pulse Width ; GPIO_0[1] ; Rise       ; sr74hc595:pitchsr1|storagesr[4]  ;
; -0.500 ; 0.500        ; 1.000          ; Low Pulse Width  ; GPIO_0[1] ; Rise       ; sr74hc595:pitchsr1|storagesr[4]  ;
; -0.500 ; 0.500        ; 1.000          ; High Pulse Width ; GPIO_0[1] ; Rise       ; sr74hc595:pitchsr1|storagesr[5]  ;
; -0.500 ; 0.500        ; 1.000          ; Low Pulse Width  ; GPIO_0[1] ; Rise       ; sr74hc595:pitchsr1|storagesr[5]  ;
; -0.500 ; 0.500        ; 1.000          ; High Pulse Width ; GPIO_0[1] ; Rise       ; sr74hc595:pitchsr1|storagesr[6]  ;
; -0.500 ; 0.500        ; 1.000          ; Low Pulse Width  ; GPIO_0[1] ; Rise       ; sr74hc595:pitchsr1|storagesr[6]  ;
; -0.500 ; 0.500        ; 1.000          ; High Pulse Width ; GPIO_0[1] ; Rise       ; sr74hc595:pitchsr1|storagesr[7]  ;
; -0.500 ; 0.500        ; 1.000          ; Low Pulse Width  ; GPIO_0[1] ; Rise       ; sr74hc595:pitchsr1|storagesr[7]  ;
; -0.500 ; 0.500        ; 1.000          ; High Pulse Width ; GPIO_0[1] ; Rise       ; sr74hc595:pitchsr2|storagesr[0]  ;
; -0.500 ; 0.500        ; 1.000          ; Low Pulse Width  ; GPIO_0[1] ; Rise       ; sr74hc595:pitchsr2|storagesr[0]  ;
; -0.500 ; 0.500        ; 1.000          ; High Pulse Width ; GPIO_0[1] ; Rise       ; sr74hc595:pitchsr2|storagesr[1]  ;
; -0.500 ; 0.500        ; 1.000          ; Low Pulse Width  ; GPIO_0[1] ; Rise       ; sr74hc595:pitchsr2|storagesr[1]  ;
; -0.500 ; 0.500        ; 1.000          ; High Pulse Width ; GPIO_0[1] ; Rise       ; sr74hc595:pitchsr2|storagesr[2]  ;
; -0.500 ; 0.500        ; 1.000          ; Low Pulse Width  ; GPIO_0[1] ; Rise       ; sr74hc595:pitchsr2|storagesr[2]  ;
; -0.500 ; 0.500        ; 1.000          ; High Pulse Width ; GPIO_0[1] ; Rise       ; sr74hc595:pitchsr2|storagesr[3]  ;
; -0.500 ; 0.500        ; 1.000          ; Low Pulse Width  ; GPIO_0[1] ; Rise       ; sr74hc595:pitchsr2|storagesr[3]  ;
; -0.500 ; 0.500        ; 1.000          ; High Pulse Width ; GPIO_0[1] ; Rise       ; sr74hc595:pitchsr2|storagesr[4]  ;
; -0.500 ; 0.500        ; 1.000          ; Low Pulse Width  ; GPIO_0[1] ; Rise       ; sr74hc595:pitchsr2|storagesr[4]  ;
; -0.500 ; 0.500        ; 1.000          ; High Pulse Width ; GPIO_0[1] ; Rise       ; sr74hc595:pitchsr2|storagesr[5]  ;
; -0.500 ; 0.500        ; 1.000          ; Low Pulse Width  ; GPIO_0[1] ; Rise       ; sr74hc595:pitchsr2|storagesr[5]  ;
; -0.500 ; 0.500        ; 1.000          ; High Pulse Width ; GPIO_0[1] ; Rise       ; sr74hc595:pitchsr2|storagesr[6]  ;
; -0.500 ; 0.500        ; 1.000          ; Low Pulse Width  ; GPIO_0[1] ; Rise       ; sr74hc595:pitchsr2|storagesr[6]  ;
; -0.500 ; 0.500        ; 1.000          ; High Pulse Width ; GPIO_0[1] ; Rise       ; sr74hc595:pitchsr2|storagesr[7]  ;
; -0.500 ; 0.500        ; 1.000          ; Low Pulse Width  ; GPIO_0[1] ; Rise       ; sr74hc595:pitchsr2|storagesr[7]  ;
; -0.500 ; 0.500        ; 1.000          ; High Pulse Width ; GPIO_0[1] ; Rise       ; sr74hc595:pitchsr3|storagesr[0]  ;
; -0.500 ; 0.500        ; 1.000          ; Low Pulse Width  ; GPIO_0[1] ; Rise       ; sr74hc595:pitchsr3|storagesr[0]  ;
; -0.500 ; 0.500        ; 1.000          ; High Pulse Width ; GPIO_0[1] ; Rise       ; sr74hc595:pitchsr3|storagesr[1]  ;
+--------+--------------+----------------+------------------+-----------+------------+----------------------------------+


+-------------------------------------------------------------------------------------------------------------------+
; Slow Model Minimum Pulse Width: 'GPIO_0[12]'                                                                      ;
+--------+--------------+----------------+------------------+------------+------------+-----------------------------+
; Slack  ; Actual Width ; Required Width ; Type             ; Clock      ; Clock Edge ; Target                      ;
+--------+--------------+----------------+------------------+------------+------------+-----------------------------+
; -1.777 ; 1.000        ; 2.777          ; Port Rate        ; GPIO_0[12] ; Rise       ; GPIO_0[12]                  ;
; -0.500 ; 0.500        ; 1.000          ; High Pulse Width ; GPIO_0[12] ; Rise       ; divcd4024:freqdiv1|count[0] ;
; -0.500 ; 0.500        ; 1.000          ; Low Pulse Width  ; GPIO_0[12] ; Rise       ; divcd4024:freqdiv1|count[0] ;
; -0.500 ; 0.500        ; 1.000          ; High Pulse Width ; GPIO_0[12] ; Rise       ; divcd4024:freqdiv1|count[1] ;
; -0.500 ; 0.500        ; 1.000          ; Low Pulse Width  ; GPIO_0[12] ; Rise       ; divcd4024:freqdiv1|count[1] ;
; -0.500 ; 0.500        ; 1.000          ; High Pulse Width ; GPIO_0[12] ; Rise       ; divcd4024:freqdiv1|count[2] ;
; -0.500 ; 0.500        ; 1.000          ; Low Pulse Width  ; GPIO_0[12] ; Rise       ; divcd4024:freqdiv1|count[2] ;
; -0.500 ; 0.500        ; 1.000          ; High Pulse Width ; GPIO_0[12] ; Rise       ; divcd4024:freqdiv1|count[3] ;
; -0.500 ; 0.500        ; 1.000          ; Low Pulse Width  ; GPIO_0[12] ; Rise       ; divcd4024:freqdiv1|count[3] ;
; -0.500 ; 0.500        ; 1.000          ; High Pulse Width ; GPIO_0[12] ; Rise       ; divcd4024:freqdiv1|count[4] ;
; -0.500 ; 0.500        ; 1.000          ; Low Pulse Width  ; GPIO_0[12] ; Rise       ; divcd4024:freqdiv1|count[4] ;
; -0.500 ; 0.500        ; 1.000          ; High Pulse Width ; GPIO_0[12] ; Rise       ; divcd4024:freqdiv1|count[5] ;
; -0.500 ; 0.500        ; 1.000          ; Low Pulse Width  ; GPIO_0[12] ; Rise       ; divcd4024:freqdiv1|count[5] ;
; -0.500 ; 0.500        ; 1.000          ; High Pulse Width ; GPIO_0[12] ; Rise       ; divcd4024:freqdiv1|count[6] ;
; -0.500 ; 0.500        ; 1.000          ; Low Pulse Width  ; GPIO_0[12] ; Rise       ; divcd4024:freqdiv1|count[6] ;
; -0.500 ; 0.500        ; 1.000          ; High Pulse Width ; GPIO_0[12] ; Rise       ; divcd4024:freqdiv2|count[0] ;
; -0.500 ; 0.500        ; 1.000          ; Low Pulse Width  ; GPIO_0[12] ; Rise       ; divcd4024:freqdiv2|count[0] ;
; -0.500 ; 0.500        ; 1.000          ; High Pulse Width ; GPIO_0[12] ; Rise       ; divcd4024:freqdiv2|count[1] ;
; -0.500 ; 0.500        ; 1.000          ; Low Pulse Width  ; GPIO_0[12] ; Rise       ; divcd4024:freqdiv2|count[1] ;
; -0.500 ; 0.500        ; 1.000          ; High Pulse Width ; GPIO_0[12] ; Rise       ; divcd4024:freqdiv2|count[2] ;
; -0.500 ; 0.500        ; 1.000          ; Low Pulse Width  ; GPIO_0[12] ; Rise       ; divcd4024:freqdiv2|count[2] ;
; -0.500 ; 0.500        ; 1.000          ; High Pulse Width ; GPIO_0[12] ; Rise       ; divcd4024:freqdiv2|count[3] ;
; -0.500 ; 0.500        ; 1.000          ; Low Pulse Width  ; GPIO_0[12] ; Rise       ; divcd4024:freqdiv2|count[3] ;
; -0.500 ; 0.500        ; 1.000          ; High Pulse Width ; GPIO_0[12] ; Rise       ; divcd4024:freqdiv2|count[4] ;
; -0.500 ; 0.500        ; 1.000          ; Low Pulse Width  ; GPIO_0[12] ; Rise       ; divcd4024:freqdiv2|count[4] ;
; -0.500 ; 0.500        ; 1.000          ; High Pulse Width ; GPIO_0[12] ; Rise       ; divcd4024:freqdiv2|count[5] ;
; -0.500 ; 0.500        ; 1.000          ; Low Pulse Width  ; GPIO_0[12] ; Rise       ; divcd4024:freqdiv2|count[5] ;
; -0.500 ; 0.500        ; 1.000          ; High Pulse Width ; GPIO_0[12] ; Rise       ; divcd4024:freqdiv2|count[6] ;
; -0.500 ; 0.500        ; 1.000          ; Low Pulse Width  ; GPIO_0[12] ; Rise       ; divcd4024:freqdiv2|count[6] ;
; -0.500 ; 0.500        ; 1.000          ; High Pulse Width ; GPIO_0[12] ; Rise       ; divcd4024:freqdiv3|count[0] ;
; -0.500 ; 0.500        ; 1.000          ; Low Pulse Width  ; GPIO_0[12] ; Rise       ; divcd4024:freqdiv3|count[0] ;
; -0.500 ; 0.500        ; 1.000          ; High Pulse Width ; GPIO_0[12] ; Rise       ; divcd4024:freqdiv3|count[1] ;
; -0.500 ; 0.500        ; 1.000          ; Low Pulse Width  ; GPIO_0[12] ; Rise       ; divcd4024:freqdiv3|count[1] ;
; -0.500 ; 0.500        ; 1.000          ; High Pulse Width ; GPIO_0[12] ; Rise       ; divcd4024:freqdiv3|count[2] ;
; -0.500 ; 0.500        ; 1.000          ; Low Pulse Width  ; GPIO_0[12] ; Rise       ; divcd4024:freqdiv3|count[2] ;
; -0.500 ; 0.500        ; 1.000          ; High Pulse Width ; GPIO_0[12] ; Rise       ; divcd4024:freqdiv3|count[3] ;
; -0.500 ; 0.500        ; 1.000          ; Low Pulse Width  ; GPIO_0[12] ; Rise       ; divcd4024:freqdiv3|count[3] ;
; -0.500 ; 0.500        ; 1.000          ; High Pulse Width ; GPIO_0[12] ; Rise       ; divcd4024:freqdiv3|count[4] ;
; -0.500 ; 0.500        ; 1.000          ; Low Pulse Width  ; GPIO_0[12] ; Rise       ; divcd4024:freqdiv3|count[4] ;
; -0.500 ; 0.500        ; 1.000          ; High Pulse Width ; GPIO_0[12] ; Rise       ; divcd4024:freqdiv3|count[5] ;
; -0.500 ; 0.500        ; 1.000          ; Low Pulse Width  ; GPIO_0[12] ; Rise       ; divcd4024:freqdiv3|count[5] ;
; -0.500 ; 0.500        ; 1.000          ; High Pulse Width ; GPIO_0[12] ; Rise       ; divcd4024:freqdiv3|count[6] ;
; -0.500 ; 0.500        ; 1.000          ; Low Pulse Width  ; GPIO_0[12] ; Rise       ; divcd4024:freqdiv3|count[6] ;
; -0.500 ; 0.500        ; 1.000          ; High Pulse Width ; GPIO_0[12] ; Rise       ; divcd4024:freqdiv4|count[0] ;
; -0.500 ; 0.500        ; 1.000          ; Low Pulse Width  ; GPIO_0[12] ; Rise       ; divcd4024:freqdiv4|count[0] ;
; -0.500 ; 0.500        ; 1.000          ; High Pulse Width ; GPIO_0[12] ; Rise       ; divcd4024:freqdiv4|count[1] ;
; -0.500 ; 0.500        ; 1.000          ; Low Pulse Width  ; GPIO_0[12] ; Rise       ; divcd4024:freqdiv4|count[1] ;
; -0.500 ; 0.500        ; 1.000          ; High Pulse Width ; GPIO_0[12] ; Rise       ; divcd4024:freqdiv4|count[2] ;
; -0.500 ; 0.500        ; 1.000          ; Low Pulse Width  ; GPIO_0[12] ; Rise       ; divcd4024:freqdiv4|count[2] ;
; -0.500 ; 0.500        ; 1.000          ; High Pulse Width ; GPIO_0[12] ; Rise       ; divcd4024:freqdiv4|count[3] ;
; -0.500 ; 0.500        ; 1.000          ; Low Pulse Width  ; GPIO_0[12] ; Rise       ; divcd4024:freqdiv4|count[3] ;
; -0.500 ; 0.500        ; 1.000          ; High Pulse Width ; GPIO_0[12] ; Rise       ; divcd4024:freqdiv4|count[4] ;
; -0.500 ; 0.500        ; 1.000          ; Low Pulse Width  ; GPIO_0[12] ; Rise       ; divcd4024:freqdiv4|count[4] ;
; -0.500 ; 0.500        ; 1.000          ; High Pulse Width ; GPIO_0[12] ; Rise       ; divcd4024:freqdiv4|count[5] ;
; -0.500 ; 0.500        ; 1.000          ; Low Pulse Width  ; GPIO_0[12] ; Rise       ; divcd4024:freqdiv4|count[5] ;
; -0.500 ; 0.500        ; 1.000          ; High Pulse Width ; GPIO_0[12] ; Rise       ; divcd4024:freqdiv4|count[6] ;
; -0.500 ; 0.500        ; 1.000          ; Low Pulse Width  ; GPIO_0[12] ; Rise       ; divcd4024:freqdiv4|count[6] ;
; -0.500 ; 0.500        ; 1.000          ; High Pulse Width ; GPIO_0[12] ; Rise       ; divcd4024:freqdiv5|count[0] ;
; -0.500 ; 0.500        ; 1.000          ; Low Pulse Width  ; GPIO_0[12] ; Rise       ; divcd4024:freqdiv5|count[0] ;
; -0.500 ; 0.500        ; 1.000          ; High Pulse Width ; GPIO_0[12] ; Rise       ; divcd4024:freqdiv5|count[1] ;
; -0.500 ; 0.500        ; 1.000          ; Low Pulse Width  ; GPIO_0[12] ; Rise       ; divcd4024:freqdiv5|count[1] ;
; -0.500 ; 0.500        ; 1.000          ; High Pulse Width ; GPIO_0[12] ; Rise       ; divcd4024:freqdiv5|count[2] ;
; -0.500 ; 0.500        ; 1.000          ; Low Pulse Width  ; GPIO_0[12] ; Rise       ; divcd4024:freqdiv5|count[2] ;
; -0.500 ; 0.500        ; 1.000          ; High Pulse Width ; GPIO_0[12] ; Rise       ; divcd4024:freqdiv5|count[3] ;
; -0.500 ; 0.500        ; 1.000          ; Low Pulse Width  ; GPIO_0[12] ; Rise       ; divcd4024:freqdiv5|count[3] ;
; -0.500 ; 0.500        ; 1.000          ; High Pulse Width ; GPIO_0[12] ; Rise       ; divcd4024:freqdiv5|count[4] ;
; -0.500 ; 0.500        ; 1.000          ; Low Pulse Width  ; GPIO_0[12] ; Rise       ; divcd4024:freqdiv5|count[4] ;
; -0.500 ; 0.500        ; 1.000          ; High Pulse Width ; GPIO_0[12] ; Rise       ; divcd4024:freqdiv5|count[5] ;
; -0.500 ; 0.500        ; 1.000          ; Low Pulse Width  ; GPIO_0[12] ; Rise       ; divcd4024:freqdiv5|count[5] ;
; -0.500 ; 0.500        ; 1.000          ; High Pulse Width ; GPIO_0[12] ; Rise       ; divcd4024:freqdiv5|count[6] ;
; -0.500 ; 0.500        ; 1.000          ; Low Pulse Width  ; GPIO_0[12] ; Rise       ; divcd4024:freqdiv5|count[6] ;
; -0.500 ; 0.500        ; 1.000          ; High Pulse Width ; GPIO_0[12] ; Rise       ; divcd4024:freqdiv6|count[0] ;
; -0.500 ; 0.500        ; 1.000          ; Low Pulse Width  ; GPIO_0[12] ; Rise       ; divcd4024:freqdiv6|count[0] ;
; -0.500 ; 0.500        ; 1.000          ; High Pulse Width ; GPIO_0[12] ; Rise       ; divcd4024:freqdiv6|count[1] ;
; -0.500 ; 0.500        ; 1.000          ; Low Pulse Width  ; GPIO_0[12] ; Rise       ; divcd4024:freqdiv6|count[1] ;
; -0.500 ; 0.500        ; 1.000          ; High Pulse Width ; GPIO_0[12] ; Rise       ; divcd4024:freqdiv6|count[2] ;
; -0.500 ; 0.500        ; 1.000          ; Low Pulse Width  ; GPIO_0[12] ; Rise       ; divcd4024:freqdiv6|count[2] ;
; -0.500 ; 0.500        ; 1.000          ; High Pulse Width ; GPIO_0[12] ; Rise       ; divcd4024:freqdiv6|count[3] ;
; -0.500 ; 0.500        ; 1.000          ; Low Pulse Width  ; GPIO_0[12] ; Rise       ; divcd4024:freqdiv6|count[3] ;
; -0.500 ; 0.500        ; 1.000          ; High Pulse Width ; GPIO_0[12] ; Rise       ; divcd4024:freqdiv6|count[4] ;
; -0.500 ; 0.500        ; 1.000          ; Low Pulse Width  ; GPIO_0[12] ; Rise       ; divcd4024:freqdiv6|count[4] ;
; -0.500 ; 0.500        ; 1.000          ; High Pulse Width ; GPIO_0[12] ; Rise       ; divcd4024:freqdiv6|count[5] ;
; -0.500 ; 0.500        ; 1.000          ; Low Pulse Width  ; GPIO_0[12] ; Rise       ; divcd4024:freqdiv6|count[5] ;
; -0.500 ; 0.500        ; 1.000          ; High Pulse Width ; GPIO_0[12] ; Rise       ; divcd4024:freqdiv6|count[6] ;
; -0.500 ; 0.500        ; 1.000          ; Low Pulse Width  ; GPIO_0[12] ; Rise       ; divcd4024:freqdiv6|count[6] ;
; -0.500 ; 0.500        ; 1.000          ; High Pulse Width ; GPIO_0[12] ; Rise       ; divcd4024:freqdiv7|count[0] ;
; -0.500 ; 0.500        ; 1.000          ; Low Pulse Width  ; GPIO_0[12] ; Rise       ; divcd4024:freqdiv7|count[0] ;
; -0.500 ; 0.500        ; 1.000          ; High Pulse Width ; GPIO_0[12] ; Rise       ; divcd4024:freqdiv7|count[1] ;
; -0.500 ; 0.500        ; 1.000          ; Low Pulse Width  ; GPIO_0[12] ; Rise       ; divcd4024:freqdiv7|count[1] ;
; -0.500 ; 0.500        ; 1.000          ; High Pulse Width ; GPIO_0[12] ; Rise       ; divcd4024:freqdiv7|count[2] ;
; -0.500 ; 0.500        ; 1.000          ; Low Pulse Width  ; GPIO_0[12] ; Rise       ; divcd4024:freqdiv7|count[2] ;
; -0.500 ; 0.500        ; 1.000          ; High Pulse Width ; GPIO_0[12] ; Rise       ; divcd4024:freqdiv7|count[3] ;
; -0.500 ; 0.500        ; 1.000          ; Low Pulse Width  ; GPIO_0[12] ; Rise       ; divcd4024:freqdiv7|count[3] ;
; -0.500 ; 0.500        ; 1.000          ; High Pulse Width ; GPIO_0[12] ; Rise       ; divcd4024:freqdiv7|count[4] ;
; -0.500 ; 0.500        ; 1.000          ; Low Pulse Width  ; GPIO_0[12] ; Rise       ; divcd4024:freqdiv7|count[4] ;
; -0.500 ; 0.500        ; 1.000          ; High Pulse Width ; GPIO_0[12] ; Rise       ; divcd4024:freqdiv7|count[5] ;
; -0.500 ; 0.500        ; 1.000          ; Low Pulse Width  ; GPIO_0[12] ; Rise       ; divcd4024:freqdiv7|count[5] ;
; -0.500 ; 0.500        ; 1.000          ; High Pulse Width ; GPIO_0[12] ; Rise       ; divcd4024:freqdiv7|count[6] ;
; -0.500 ; 0.500        ; 1.000          ; Low Pulse Width  ; GPIO_0[12] ; Rise       ; divcd4024:freqdiv7|count[6] ;
; -0.500 ; 0.500        ; 1.000          ; High Pulse Width ; GPIO_0[12] ; Rise       ; divcd4024:freqdiv8|count[0] ;
+--------+--------------+----------------+------------------+------------+------------+-----------------------------+


+------------------------------------------------------------------------+
; Setup Times                                                            ;
+------------+------------+-------+-------+------------+-----------------+
; Data Port  ; Clock Port ; Rise  ; Fall  ; Clock Edge ; Clock Reference ;
+------------+------------+-------+-------+------------+-----------------+
; GPIO_0[*]  ; GPIO_0[0]  ; 5.361 ; 5.361 ; Rise       ; GPIO_0[0]       ;
;  GPIO_0[2] ; GPIO_0[0]  ; 4.584 ; 4.584 ; Rise       ; GPIO_0[0]       ;
;  GPIO_0[3] ; GPIO_0[0]  ; 5.361 ; 5.361 ; Rise       ; GPIO_0[0]       ;
;  GPIO_0[5] ; GPIO_0[0]  ; 3.847 ; 3.847 ; Rise       ; GPIO_0[0]       ;
; GPIO_0[*]  ; GPIO_0[1]  ; 4.437 ; 4.437 ; Rise       ; GPIO_0[1]       ;
;  GPIO_0[3] ; GPIO_0[1]  ; 4.437 ; 4.437 ; Rise       ; GPIO_0[1]       ;
+------------+------------+-------+-------+------------+-----------------+


+--------------------------------------------------------------------------+
; Hold Times                                                               ;
+------------+------------+--------+--------+------------+-----------------+
; Data Port  ; Clock Port ; Rise   ; Fall   ; Clock Edge ; Clock Reference ;
+------------+------------+--------+--------+------------+-----------------+
; GPIO_0[*]  ; GPIO_0[0]  ; -3.313 ; -3.313 ; Rise       ; GPIO_0[0]       ;
;  GPIO_0[2] ; GPIO_0[0]  ; -4.354 ; -4.354 ; Rise       ; GPIO_0[0]       ;
;  GPIO_0[3] ; GPIO_0[0]  ; -3.313 ; -3.313 ; Rise       ; GPIO_0[0]       ;
;  GPIO_0[5] ; GPIO_0[0]  ; -3.617 ; -3.617 ; Rise       ; GPIO_0[0]       ;
; GPIO_0[*]  ; GPIO_0[1]  ; 3.155  ; 3.155  ; Rise       ; GPIO_0[1]       ;
;  GPIO_0[3] ; GPIO_0[1]  ; 3.155  ; 3.155  ; Rise       ; GPIO_0[1]       ;
+------------+------------+--------+--------+------------+-----------------+


+---------------------------------------------------------------------------+
; Clock to Output Times                                                     ;
+-------------+------------+--------+--------+------------+-----------------+
; Data Port   ; Clock Port ; Rise   ; Fall   ; Clock Edge ; Clock Reference ;
+-------------+------------+--------+--------+------------+-----------------+
; GPIO_0[*]   ; GPIO_0[12] ; 14.599 ; 14.599 ; Rise       ; GPIO_0[12]      ;
;  GPIO_0[20] ; GPIO_0[12] ; 12.422 ; 12.422 ; Rise       ; GPIO_0[12]      ;
;  GPIO_0[21] ; GPIO_0[12] ; 13.654 ; 13.654 ; Rise       ; GPIO_0[12]      ;
;  GPIO_0[22] ; GPIO_0[12] ; 14.406 ; 14.406 ; Rise       ; GPIO_0[12]      ;
;  GPIO_0[23] ; GPIO_0[12] ; 14.599 ; 14.599 ; Rise       ; GPIO_0[12]      ;
;  GPIO_0[24] ; GPIO_0[12] ; 14.178 ; 14.178 ; Rise       ; GPIO_0[12]      ;
;  GPIO_0[25] ; GPIO_0[12] ; 13.476 ; 13.476 ; Rise       ; GPIO_0[12]      ;
;  GPIO_0[26] ; GPIO_0[12] ; 14.171 ; 14.171 ; Rise       ; GPIO_0[12]      ;
;  GPIO_0[27] ; GPIO_0[12] ; 12.680 ; 12.680 ; Rise       ; GPIO_0[12]      ;
; LEDG[*]     ; GPIO_0[12] ; 16.407 ; 16.407 ; Rise       ; GPIO_0[12]      ;
;  LEDG[0]    ; GPIO_0[12] ; 14.908 ; 14.908 ; Rise       ; GPIO_0[12]      ;
;  LEDG[1]    ; GPIO_0[12] ; 16.042 ; 16.042 ; Rise       ; GPIO_0[12]      ;
;  LEDG[2]    ; GPIO_0[12] ; 16.151 ; 16.151 ; Rise       ; GPIO_0[12]      ;
;  LEDG[3]    ; GPIO_0[12] ; 16.372 ; 16.372 ; Rise       ; GPIO_0[12]      ;
;  LEDG[4]    ; GPIO_0[12] ; 16.407 ; 16.407 ; Rise       ; GPIO_0[12]      ;
;  LEDG[5]    ; GPIO_0[12] ; 15.427 ; 15.427 ; Rise       ; GPIO_0[12]      ;
;  LEDG[6]    ; GPIO_0[12] ; 15.716 ; 15.716 ; Rise       ; GPIO_0[12]      ;
;  LEDG[7]    ; GPIO_0[12] ; 14.820 ; 14.820 ; Rise       ; GPIO_0[12]      ;
; LEDR[*]     ; GPIO_0[12] ; 9.864  ; 9.864  ; Rise       ; GPIO_0[12]      ;
;  LEDR[4]    ; GPIO_0[12] ; 9.864  ; 9.864  ; Rise       ; GPIO_0[12]      ;
; LEDR[*]     ; GPIO_0[12] ; 9.864  ; 9.864  ; Fall       ; GPIO_0[12]      ;
;  LEDR[4]    ; GPIO_0[12] ; 9.864  ; 9.864  ; Fall       ; GPIO_0[12]      ;
; GPIO_0[*]   ; GPIO_0[1]  ; 16.253 ; 16.253 ; Rise       ; GPIO_0[1]       ;
;  GPIO_0[20] ; GPIO_0[1]  ; 15.009 ; 15.009 ; Rise       ; GPIO_0[1]       ;
;  GPIO_0[21] ; GPIO_0[1]  ; 14.990 ; 14.990 ; Rise       ; GPIO_0[1]       ;
;  GPIO_0[22] ; GPIO_0[1]  ; 15.474 ; 15.474 ; Rise       ; GPIO_0[1]       ;
;  GPIO_0[23] ; GPIO_0[1]  ; 15.442 ; 15.442 ; Rise       ; GPIO_0[1]       ;
;  GPIO_0[24] ; GPIO_0[1]  ; 15.200 ; 15.200 ; Rise       ; GPIO_0[1]       ;
;  GPIO_0[25] ; GPIO_0[1]  ; 15.100 ; 15.100 ; Rise       ; GPIO_0[1]       ;
;  GPIO_0[26] ; GPIO_0[1]  ; 16.253 ; 16.253 ; Rise       ; GPIO_0[1]       ;
;  GPIO_0[27] ; GPIO_0[1]  ; 15.040 ; 15.040 ; Rise       ; GPIO_0[1]       ;
; LEDG[*]     ; GPIO_0[1]  ; 17.798 ; 17.798 ; Rise       ; GPIO_0[1]       ;
;  LEDG[0]    ; GPIO_0[1]  ; 17.495 ; 17.495 ; Rise       ; GPIO_0[1]       ;
;  LEDG[1]    ; GPIO_0[1]  ; 17.378 ; 17.378 ; Rise       ; GPIO_0[1]       ;
;  LEDG[2]    ; GPIO_0[1]  ; 17.219 ; 17.219 ; Rise       ; GPIO_0[1]       ;
;  LEDG[3]    ; GPIO_0[1]  ; 17.215 ; 17.215 ; Rise       ; GPIO_0[1]       ;
;  LEDG[4]    ; GPIO_0[1]  ; 17.429 ; 17.429 ; Rise       ; GPIO_0[1]       ;
;  LEDG[5]    ; GPIO_0[1]  ; 17.051 ; 17.051 ; Rise       ; GPIO_0[1]       ;
;  LEDG[6]    ; GPIO_0[1]  ; 17.798 ; 17.798 ; Rise       ; GPIO_0[1]       ;
;  LEDG[7]    ; GPIO_0[1]  ; 17.180 ; 17.180 ; Rise       ; GPIO_0[1]       ;
+-------------+------------+--------+--------+------------+-----------------+


+---------------------------------------------------------------------------+
; Minimum Clock to Output Times                                             ;
+-------------+------------+--------+--------+------------+-----------------+
; Data Port   ; Clock Port ; Rise   ; Fall   ; Clock Edge ; Clock Reference ;
+-------------+------------+--------+--------+------------+-----------------+
; GPIO_0[*]   ; GPIO_0[12] ; 11.358 ; 11.358 ; Rise       ; GPIO_0[12]      ;
;  GPIO_0[20] ; GPIO_0[12] ; 11.358 ; 11.358 ; Rise       ; GPIO_0[12]      ;
;  GPIO_0[21] ; GPIO_0[12] ; 12.636 ; 12.636 ; Rise       ; GPIO_0[12]      ;
;  GPIO_0[22] ; GPIO_0[12] ; 13.970 ; 13.970 ; Rise       ; GPIO_0[12]      ;
;  GPIO_0[23] ; GPIO_0[12] ; 13.411 ; 13.411 ; Rise       ; GPIO_0[12]      ;
;  GPIO_0[24] ; GPIO_0[12] ; 12.724 ; 12.724 ; Rise       ; GPIO_0[12]      ;
;  GPIO_0[25] ; GPIO_0[12] ; 12.613 ; 12.613 ; Rise       ; GPIO_0[12]      ;
;  GPIO_0[26] ; GPIO_0[12] ; 12.490 ; 12.490 ; Rise       ; GPIO_0[12]      ;
;  GPIO_0[27] ; GPIO_0[12] ; 11.697 ; 11.697 ; Rise       ; GPIO_0[12]      ;
; LEDG[*]     ; GPIO_0[12] ; 13.837 ; 13.837 ; Rise       ; GPIO_0[12]      ;
;  LEDG[0]    ; GPIO_0[12] ; 13.844 ; 13.844 ; Rise       ; GPIO_0[12]      ;
;  LEDG[1]    ; GPIO_0[12] ; 15.024 ; 15.024 ; Rise       ; GPIO_0[12]      ;
;  LEDG[2]    ; GPIO_0[12] ; 15.715 ; 15.715 ; Rise       ; GPIO_0[12]      ;
;  LEDG[3]    ; GPIO_0[12] ; 15.184 ; 15.184 ; Rise       ; GPIO_0[12]      ;
;  LEDG[4]    ; GPIO_0[12] ; 14.953 ; 14.953 ; Rise       ; GPIO_0[12]      ;
;  LEDG[5]    ; GPIO_0[12] ; 14.564 ; 14.564 ; Rise       ; GPIO_0[12]      ;
;  LEDG[6]    ; GPIO_0[12] ; 14.035 ; 14.035 ; Rise       ; GPIO_0[12]      ;
;  LEDG[7]    ; GPIO_0[12] ; 13.837 ; 13.837 ; Rise       ; GPIO_0[12]      ;
; LEDR[*]     ; GPIO_0[12] ; 9.864  ; 9.864  ; Rise       ; GPIO_0[12]      ;
;  LEDR[4]    ; GPIO_0[12] ; 9.864  ; 9.864  ; Rise       ; GPIO_0[12]      ;
; LEDR[*]     ; GPIO_0[12] ; 9.864  ; 9.864  ; Fall       ; GPIO_0[12]      ;
;  LEDR[4]    ; GPIO_0[12] ; 9.864  ; 9.864  ; Fall       ; GPIO_0[12]      ;
; GPIO_0[*]   ; GPIO_0[1]  ; 13.256 ; 13.256 ; Rise       ; GPIO_0[1]       ;
;  GPIO_0[20] ; GPIO_0[1]  ; 13.256 ; 13.256 ; Rise       ; GPIO_0[1]       ;
;  GPIO_0[21] ; GPIO_0[1]  ; 13.462 ; 13.462 ; Rise       ; GPIO_0[1]       ;
;  GPIO_0[22] ; GPIO_0[1]  ; 13.923 ; 13.923 ; Rise       ; GPIO_0[1]       ;
;  GPIO_0[23] ; GPIO_0[1]  ; 13.573 ; 13.573 ; Rise       ; GPIO_0[1]       ;
;  GPIO_0[24] ; GPIO_0[1]  ; 13.600 ; 13.600 ; Rise       ; GPIO_0[1]       ;
;  GPIO_0[25] ; GPIO_0[1]  ; 14.014 ; 14.014 ; Rise       ; GPIO_0[1]       ;
;  GPIO_0[26] ; GPIO_0[1]  ; 14.076 ; 14.076 ; Rise       ; GPIO_0[1]       ;
;  GPIO_0[27] ; GPIO_0[1]  ; 13.676 ; 13.676 ; Rise       ; GPIO_0[1]       ;
; LEDG[*]     ; GPIO_0[1]  ; 15.346 ; 15.346 ; Rise       ; GPIO_0[1]       ;
;  LEDG[0]    ; GPIO_0[1]  ; 15.742 ; 15.742 ; Rise       ; GPIO_0[1]       ;
;  LEDG[1]    ; GPIO_0[1]  ; 15.850 ; 15.850 ; Rise       ; GPIO_0[1]       ;
;  LEDG[2]    ; GPIO_0[1]  ; 15.668 ; 15.668 ; Rise       ; GPIO_0[1]       ;
;  LEDG[3]    ; GPIO_0[1]  ; 15.346 ; 15.346 ; Rise       ; GPIO_0[1]       ;
;  LEDG[4]    ; GPIO_0[1]  ; 15.829 ; 15.829 ; Rise       ; GPIO_0[1]       ;
;  LEDG[5]    ; GPIO_0[1]  ; 15.965 ; 15.965 ; Rise       ; GPIO_0[1]       ;
;  LEDG[6]    ; GPIO_0[1]  ; 15.621 ; 15.621 ; Rise       ; GPIO_0[1]       ;
;  LEDG[7]    ; GPIO_0[1]  ; 15.816 ; 15.816 ; Rise       ; GPIO_0[1]       ;
+-------------+------------+--------+--------+------------+-----------------+


+------------------------------------------------------+
; Propagation Delay                                    ;
+------------+-------------+--------+----+----+--------+
; Input Port ; Output Port ; RR     ; RF ; FR ; FF     ;
+------------+-------------+--------+----+----+--------+
; GPIO_0[6]  ; LEDR[0]     ; 9.816  ;    ;    ; 9.816  ;
; GPIO_0[7]  ; LEDR[1]     ; 10.583 ;    ;    ; 10.583 ;
; GPIO_0[8]  ; LEDR[2]     ; 9.933  ;    ;    ; 9.933  ;
; GPIO_0[9]  ; LEDR[3]     ; 10.686 ;    ;    ; 10.686 ;
; GPIO_0[13] ; LEDR[5]     ; 10.501 ;    ;    ; 10.501 ;
; GPIO_0[14] ; LEDR[6]     ; 10.472 ;    ;    ; 10.472 ;
; GPIO_0[15] ; LEDR[7]     ; 9.944  ;    ;    ; 9.944  ;
; GPIO_0[16] ; LEDR[8]     ; 9.926  ;    ;    ; 9.926  ;
; GPIO_0[17] ; LEDR[9]     ; 9.857  ;    ;    ; 9.857  ;
; GPIO_0[18] ; LEDR[10]    ; 10.090 ;    ;    ; 10.090 ;
; GPIO_0[19] ; LEDR[11]    ; 10.010 ;    ;    ; 10.010 ;
+------------+-------------+--------+----+----+--------+


+------------------------------------------------------+
; Minimum Propagation Delay                            ;
+------------+-------------+--------+----+----+--------+
; Input Port ; Output Port ; RR     ; RF ; FR ; FF     ;
+------------+-------------+--------+----+----+--------+
; GPIO_0[6]  ; LEDR[0]     ; 9.816  ;    ;    ; 9.816  ;
; GPIO_0[7]  ; LEDR[1]     ; 10.583 ;    ;    ; 10.583 ;
; GPIO_0[8]  ; LEDR[2]     ; 9.933  ;    ;    ; 9.933  ;
; GPIO_0[9]  ; LEDR[3]     ; 10.686 ;    ;    ; 10.686 ;
; GPIO_0[13] ; LEDR[5]     ; 10.501 ;    ;    ; 10.501 ;
; GPIO_0[14] ; LEDR[6]     ; 10.472 ;    ;    ; 10.472 ;
; GPIO_0[15] ; LEDR[7]     ; 9.944  ;    ;    ; 9.944  ;
; GPIO_0[16] ; LEDR[8]     ; 9.926  ;    ;    ; 9.926  ;
; GPIO_0[17] ; LEDR[9]     ; 9.857  ;    ;    ; 9.857  ;
; GPIO_0[18] ; LEDR[10]    ; 10.090 ;    ;    ; 10.090 ;
; GPIO_0[19] ; LEDR[11]    ; 10.010 ;    ;    ; 10.010 ;
+------------+-------------+--------+----+----+--------+


+-------------------------------------+
; Fast Model Setup Summary            ;
+------------+--------+---------------+
; Clock      ; Slack  ; End Point TNS ;
+------------+--------+---------------+
; GPIO_0[0]  ; -0.080 ; -0.223        ;
; GPIO_0[12] ; 0.155  ; 0.000         ;
; GPIO_0[1]  ; 0.320  ; 0.000         ;
+------------+--------+---------------+


+-------------------------------------+
; Fast Model Hold Summary             ;
+------------+--------+---------------+
; Clock      ; Slack  ; End Point TNS ;
+------------+--------+---------------+
; GPIO_0[1]  ; -2.886 ; -84.108       ;
; GPIO_0[12] ; 0.215  ; 0.000         ;
; GPIO_0[0]  ; 0.378  ; 0.000         ;
+------------+--------+---------------+


-------------------------------
; Fast Model Recovery Summary ;
-------------------------------
No paths to report.


------------------------------
; Fast Model Removal Summary ;
------------------------------
No paths to report.


+----------------------------------------+
; Fast Model Minimum Pulse Width Summary ;
+------------+--------+------------------+
; Clock      ; Slack  ; End Point TNS    ;
+------------+--------+------------------+
; GPIO_0[0]  ; -1.777 ; -65.777          ;
; GPIO_0[1]  ; -1.777 ; -65.777          ;
; GPIO_0[12] ; -1.777 ; -57.777          ;
+------------+--------+------------------+


+------------------------------------------------------------------------------------------------------------------------------------------------+
; Fast Model Setup: 'GPIO_0[0]'                                                                                                                  ;
+--------+--------------------------------+--------------------------------+--------------+-------------+--------------+------------+------------+
; Slack  ; From Node                      ; To Node                        ; Launch Clock ; Latch Clock ; Relationship ; Clock Skew ; Data Delay ;
+--------+--------------------------------+--------------------------------+--------------+-------------+--------------+------------+------------+
; -0.080 ; sr74hc595:pitchsr3|inputsr[7]  ; sr74hc595:pitchsr4|inputsr[0]  ; GPIO_0[0]    ; GPIO_0[0]   ; 1.000        ; 0.002      ; 1.114      ;
; -0.072 ; sr74hc595:pitchsr1|inputsr[5]  ; sr74hc595:pitchsr1|inputsr[6]  ; GPIO_0[0]    ; GPIO_0[0]   ; 1.000        ; -0.104     ; 1.000      ;
; -0.071 ; sr74hc595:pitchsr3|inputsr[3]  ; sr74hc595:pitchsr3|inputsr[4]  ; GPIO_0[0]    ; GPIO_0[0]   ; 1.000        ; -0.223     ; 0.880      ;
; 0.067  ; sr74hc595:pitchsr1|inputsr[7]  ; sr74hc595:pitchsr2|inputsr[0]  ; GPIO_0[0]    ; GPIO_0[0]   ; 1.000        ; -0.077     ; 0.888      ;
; 0.115  ; sr74hc595:pitchsr1|inputsr[2]  ; sr74hc595:pitchsr1|inputsr[3]  ; GPIO_0[0]    ; GPIO_0[0]   ; 1.000        ; 0.000      ; 0.917      ;
; 0.128  ; sr74hc595:pitchsr4|inputsr[3]  ; sr74hc595:pitchsr4|inputsr[4]  ; GPIO_0[0]    ; GPIO_0[0]   ; 1.000        ; 0.162      ; 1.066      ;
; 0.178  ; sr74hc595:pitchsr2|inputsr[4]  ; sr74hc595:pitchsr2|inputsr[5]  ; GPIO_0[0]    ; GPIO_0[0]   ; 1.000        ; -0.109     ; 0.745      ;
; 0.203  ; sr74hc595:pitchsr2|inputsr[3]  ; sr74hc595:pitchsr2|inputsr[4]  ; GPIO_0[0]    ; GPIO_0[0]   ; 1.000        ; 0.000      ; 0.829      ;
; 0.204  ; sr74hc595:pitchsr1|inputsr[0]  ; sr74hc595:pitchsr1|inputsr[1]  ; GPIO_0[0]    ; GPIO_0[0]   ; 1.000        ; 0.000      ; 0.828      ;
; 0.207  ; sr74hc595:pitchsr2|inputsr[7]  ; sr74hc595:pitchsr3|inputsr[0]  ; GPIO_0[0]    ; GPIO_0[0]   ; 1.000        ; 0.142      ; 0.967      ;
; 0.211  ; sr74hc595:pitchsr1|inputsr[3]  ; sr74hc595:pitchsr1|inputsr[4]  ; GPIO_0[0]    ; GPIO_0[0]   ; 1.000        ; 0.000      ; 0.821      ;
; 0.236  ; sr74hc595:pitchsr3|inputsr[6]  ; sr74hc595:pitchsr3|inputsr[7]  ; GPIO_0[0]    ; GPIO_0[0]   ; 1.000        ; 0.000      ; 0.796      ;
; 0.302  ; sr74hc595:pitchsr4|inputsr[4]  ; sr74hc595:pitchsr4|inputsr[5]  ; GPIO_0[0]    ; GPIO_0[0]   ; 1.000        ; 0.000      ; 0.730      ;
; 0.304  ; sr74hc595:pitchsr2|inputsr[5]  ; sr74hc595:pitchsr2|inputsr[6]  ; GPIO_0[0]    ; GPIO_0[0]   ; 1.000        ; 0.000      ; 0.728      ;
; 0.305  ; sr74hc595:pitchsr1|inputsr[4]  ; sr74hc595:pitchsr1|inputsr[5]  ; GPIO_0[0]    ; GPIO_0[0]   ; 1.000        ; 0.000      ; 0.727      ;
; 0.305  ; sr74hc595:pitchsr2|inputsr[0]  ; sr74hc595:pitchsr2|inputsr[1]  ; GPIO_0[0]    ; GPIO_0[0]   ; 1.000        ; 0.000      ; 0.727      ;
; 0.306  ; sr74hc595:pitchsr1|inputsr[1]  ; sr74hc595:pitchsr1|inputsr[2]  ; GPIO_0[0]    ; GPIO_0[0]   ; 1.000        ; 0.000      ; 0.726      ;
; 0.306  ; sr74hc595:octavesr2|inputsr[4] ; sr74hc595:octavesr2|inputsr[5] ; GPIO_0[0]    ; GPIO_0[0]   ; 1.000        ; 0.000      ; 0.726      ;
; 0.306  ; sr74hc595:octavesr4|inputsr[5] ; sr74hc595:octavesr4|inputsr[6] ; GPIO_0[0]    ; GPIO_0[0]   ; 1.000        ; 0.000      ; 0.726      ;
; 0.307  ; sr74hc595:octavesr3|inputsr[1] ; sr74hc595:octavesr3|inputsr[2] ; GPIO_0[0]    ; GPIO_0[0]   ; 1.000        ; 0.000      ; 0.725      ;
; 0.308  ; sr74hc595:pitchsr2|inputsr[2]  ; sr74hc595:pitchsr2|inputsr[3]  ; GPIO_0[0]    ; GPIO_0[0]   ; 1.000        ; 0.000      ; 0.724      ;
; 0.308  ; sr74hc595:octavesr2|inputsr[6] ; sr74hc595:octavesr2|inputsr[7] ; GPIO_0[0]    ; GPIO_0[0]   ; 1.000        ; 0.000      ; 0.724      ;
; 0.314  ; sr74hc595:pitchsr2|inputsr[1]  ; sr74hc595:pitchsr2|inputsr[2]  ; GPIO_0[0]    ; GPIO_0[0]   ; 1.000        ; 0.000      ; 0.718      ;
; 0.314  ; sr74hc595:pitchsr4|inputsr[2]  ; sr74hc595:pitchsr4|inputsr[3]  ; GPIO_0[0]    ; GPIO_0[0]   ; 1.000        ; 0.000      ; 0.718      ;
; 0.338  ; sr74hc595:pitchsr2|inputsr[6]  ; sr74hc595:pitchsr2|inputsr[7]  ; GPIO_0[0]    ; GPIO_0[0]   ; 1.000        ; 0.000      ; 0.694      ;
; 0.382  ; sr74hc595:octavesr1|inputsr[7] ; sr74hc595:octavesr2|inputsr[0] ; GPIO_0[0]    ; GPIO_0[0]   ; 1.000        ; 0.000      ; 0.650      ;
; 0.383  ; sr74hc595:pitchsr3|inputsr[5]  ; sr74hc595:pitchsr3|inputsr[6]  ; GPIO_0[0]    ; GPIO_0[0]   ; 1.000        ; 0.000      ; 0.649      ;
; 0.383  ; sr74hc595:octavesr2|inputsr[3] ; sr74hc595:octavesr2|inputsr[4] ; GPIO_0[0]    ; GPIO_0[0]   ; 1.000        ; 0.000      ; 0.649      ;
; 0.384  ; sr74hc595:octavesr3|inputsr[5] ; sr74hc595:octavesr3|inputsr[6] ; GPIO_0[0]    ; GPIO_0[0]   ; 1.000        ; 0.000      ; 0.648      ;
; 0.385  ; sr74hc595:octavesr1|inputsr[5] ; sr74hc595:octavesr1|inputsr[6] ; GPIO_0[0]    ; GPIO_0[0]   ; 1.000        ; 0.000      ; 0.647      ;
; 0.385  ; sr74hc595:octavesr3|inputsr[6] ; sr74hc595:octavesr3|inputsr[7] ; GPIO_0[0]    ; GPIO_0[0]   ; 1.000        ; 0.000      ; 0.647      ;
; 0.386  ; sr74hc595:pitchsr4|inputsr[6]  ; sr74hc595:pitchsr4|inputsr[7]  ; GPIO_0[0]    ; GPIO_0[0]   ; 1.000        ; 0.074      ; 0.720      ;
; 0.386  ; sr74hc595:octavesr2|inputsr[5] ; sr74hc595:octavesr2|inputsr[6] ; GPIO_0[0]    ; GPIO_0[0]   ; 1.000        ; 0.000      ; 0.646      ;
; 0.388  ; sr74hc595:octavesr2|inputsr[0] ; sr74hc595:octavesr2|inputsr[1] ; GPIO_0[0]    ; GPIO_0[0]   ; 1.000        ; 0.000      ; 0.644      ;
; 0.388  ; sr74hc595:octavesr4|inputsr[2] ; sr74hc595:octavesr4|inputsr[3] ; GPIO_0[0]    ; GPIO_0[0]   ; 1.000        ; 0.000      ; 0.644      ;
; 0.388  ; sr74hc595:octavesr4|inputsr[6] ; sr74hc595:octavesr4|inputsr[7] ; GPIO_0[0]    ; GPIO_0[0]   ; 1.000        ; 0.000      ; 0.644      ;
; 0.389  ; sr74hc595:octavesr1|inputsr[2] ; sr74hc595:octavesr1|inputsr[3] ; GPIO_0[0]    ; GPIO_0[0]   ; 1.000        ; 0.000      ; 0.643      ;
; 0.389  ; sr74hc595:octavesr4|inputsr[1] ; sr74hc595:octavesr4|inputsr[2] ; GPIO_0[0]    ; GPIO_0[0]   ; 1.000        ; 0.000      ; 0.643      ;
; 0.390  ; sr74hc595:octavesr1|inputsr[1] ; sr74hc595:octavesr1|inputsr[2] ; GPIO_0[0]    ; GPIO_0[0]   ; 1.000        ; 0.000      ; 0.642      ;
; 0.390  ; sr74hc595:octavesr3|inputsr[2] ; sr74hc595:octavesr3|inputsr[3] ; GPIO_0[0]    ; GPIO_0[0]   ; 1.000        ; 0.000      ; 0.642      ;
; 0.398  ; sr74hc595:pitchsr3|inputsr[4]  ; sr74hc595:pitchsr3|inputsr[5]  ; GPIO_0[0]    ; GPIO_0[0]   ; 1.000        ; 0.000      ; 0.634      ;
; 0.399  ; sr74hc595:pitchsr4|inputsr[5]  ; sr74hc595:pitchsr4|inputsr[6]  ; GPIO_0[0]    ; GPIO_0[0]   ; 1.000        ; 0.000      ; 0.633      ;
; 0.400  ; sr74hc595:pitchsr1|inputsr[6]  ; sr74hc595:pitchsr1|inputsr[7]  ; GPIO_0[0]    ; GPIO_0[0]   ; 1.000        ; 0.104      ; 0.736      ;
; 0.404  ; sr74hc595:pitchsr4|inputsr[1]  ; sr74hc595:pitchsr4|inputsr[2]  ; GPIO_0[0]    ; GPIO_0[0]   ; 1.000        ; 0.000      ; 0.628      ;
; 0.407  ; sr74hc595:pitchsr4|inputsr[0]  ; sr74hc595:pitchsr4|inputsr[1]  ; GPIO_0[0]    ; GPIO_0[0]   ; 1.000        ; 0.000      ; 0.625      ;
; 0.409  ; sr74hc595:pitchsr3|inputsr[0]  ; sr74hc595:pitchsr3|inputsr[1]  ; GPIO_0[0]    ; GPIO_0[0]   ; 1.000        ; 0.000      ; 0.623      ;
; 0.410  ; sr74hc595:pitchsr3|inputsr[1]  ; sr74hc595:pitchsr3|inputsr[2]  ; GPIO_0[0]    ; GPIO_0[0]   ; 1.000        ; 0.000      ; 0.622      ;
; 0.450  ; sr74hc595:octavesr2|inputsr[7] ; sr74hc595:octavesr3|inputsr[0] ; GPIO_0[0]    ; GPIO_0[0]   ; 1.000        ; 0.058      ; 0.640      ;
; 0.467  ; sr74hc595:pitchsr3|inputsr[2]  ; sr74hc595:pitchsr3|inputsr[3]  ; GPIO_0[0]    ; GPIO_0[0]   ; 1.000        ; 0.000      ; 0.565      ;
; 0.468  ; sr74hc595:octavesr2|inputsr[2] ; sr74hc595:octavesr2|inputsr[3] ; GPIO_0[0]    ; GPIO_0[0]   ; 1.000        ; 0.000      ; 0.564      ;
; 0.468  ; sr74hc595:octavesr4|inputsr[3] ; sr74hc595:octavesr4|inputsr[4] ; GPIO_0[0]    ; GPIO_0[0]   ; 1.000        ; 0.000      ; 0.564      ;
; 0.471  ; sr74hc595:octavesr3|inputsr[3] ; sr74hc595:octavesr3|inputsr[4] ; GPIO_0[0]    ; GPIO_0[0]   ; 1.000        ; 0.000      ; 0.561      ;
; 0.471  ; sr74hc595:octavesr4|inputsr[4] ; sr74hc595:octavesr4|inputsr[5] ; GPIO_0[0]    ; GPIO_0[0]   ; 1.000        ; 0.000      ; 0.561      ;
; 0.472  ; sr74hc595:octavesr1|inputsr[3] ; sr74hc595:octavesr1|inputsr[4] ; GPIO_0[0]    ; GPIO_0[0]   ; 1.000        ; 0.000      ; 0.560      ;
; 0.472  ; sr74hc595:octavesr3|inputsr[4] ; sr74hc595:octavesr3|inputsr[5] ; GPIO_0[0]    ; GPIO_0[0]   ; 1.000        ; 0.000      ; 0.560      ;
; 0.472  ; sr74hc595:octavesr4|inputsr[0] ; sr74hc595:octavesr4|inputsr[1] ; GPIO_0[0]    ; GPIO_0[0]   ; 1.000        ; 0.000      ; 0.560      ;
; 0.474  ; sr74hc595:octavesr1|inputsr[4] ; sr74hc595:octavesr1|inputsr[5] ; GPIO_0[0]    ; GPIO_0[0]   ; 1.000        ; 0.000      ; 0.558      ;
; 0.474  ; sr74hc595:octavesr2|inputsr[1] ; sr74hc595:octavesr2|inputsr[2] ; GPIO_0[0]    ; GPIO_0[0]   ; 1.000        ; 0.000      ; 0.558      ;
; 0.475  ; sr74hc595:octavesr3|inputsr[0] ; sr74hc595:octavesr3|inputsr[1] ; GPIO_0[0]    ; GPIO_0[0]   ; 1.000        ; 0.000      ; 0.557      ;
; 0.477  ; sr74hc595:octavesr1|inputsr[0] ; sr74hc595:octavesr1|inputsr[1] ; GPIO_0[0]    ; GPIO_0[0]   ; 1.000        ; 0.000      ; 0.555      ;
; 0.483  ; sr74hc595:octavesr3|inputsr[7] ; sr74hc595:octavesr4|inputsr[0] ; GPIO_0[0]    ; GPIO_0[0]   ; 1.000        ; 0.075      ; 0.624      ;
; 0.502  ; sr74hc595:octavesr1|inputsr[6] ; sr74hc595:octavesr1|inputsr[7] ; GPIO_0[0]    ; GPIO_0[0]   ; 1.000        ; 0.209      ; 0.739      ;
+--------+--------------------------------+--------------------------------+--------------+-------------+--------------+------------+------------+


+-----------------------------------------------------------------------------------------------------------------------------------------+
; Fast Model Setup: 'GPIO_0[12]'                                                                                                          ;
+-------+-----------------------------+-----------------------------+--------------+-------------+--------------+------------+------------+
; Slack ; From Node                   ; To Node                     ; Launch Clock ; Latch Clock ; Relationship ; Clock Skew ; Data Delay ;
+-------+-----------------------------+-----------------------------+--------------+-------------+--------------+------------+------------+
; 0.155 ; divcd4024:freqdiv8|count[0] ; divcd4024:freqdiv8|count[6] ; GPIO_0[12]   ; GPIO_0[12]  ; 1.000        ; 0.000      ; 0.877      ;
; 0.164 ; divcd4024:freqdiv3|count[0] ; divcd4024:freqdiv3|count[6] ; GPIO_0[12]   ; GPIO_0[12]  ; 1.000        ; 0.000      ; 0.868      ;
; 0.170 ; divcd4024:freqdiv4|count[1] ; divcd4024:freqdiv4|count[6] ; GPIO_0[12]   ; GPIO_0[12]  ; 1.000        ; 0.000      ; 0.862      ;
; 0.172 ; divcd4024:freqdiv1|count[1] ; divcd4024:freqdiv1|count[6] ; GPIO_0[12]   ; GPIO_0[12]  ; 1.000        ; 0.000      ; 0.860      ;
; 0.181 ; divcd4024:freqdiv4|count[0] ; divcd4024:freqdiv4|count[6] ; GPIO_0[12]   ; GPIO_0[12]  ; 1.000        ; 0.000      ; 0.851      ;
; 0.183 ; divcd4024:freqdiv3|count[1] ; divcd4024:freqdiv3|count[6] ; GPIO_0[12]   ; GPIO_0[12]  ; 1.000        ; 0.000      ; 0.849      ;
; 0.185 ; divcd4024:freqdiv1|count[0] ; divcd4024:freqdiv1|count[6] ; GPIO_0[12]   ; GPIO_0[12]  ; 1.000        ; 0.000      ; 0.847      ;
; 0.190 ; divcd4024:freqdiv8|count[0] ; divcd4024:freqdiv8|count[5] ; GPIO_0[12]   ; GPIO_0[12]  ; 1.000        ; 0.000      ; 0.842      ;
; 0.194 ; divcd4024:freqdiv8|count[2] ; divcd4024:freqdiv8|count[6] ; GPIO_0[12]   ; GPIO_0[12]  ; 1.000        ; 0.000      ; 0.838      ;
; 0.199 ; divcd4024:freqdiv3|count[0] ; divcd4024:freqdiv3|count[5] ; GPIO_0[12]   ; GPIO_0[12]  ; 1.000        ; 0.000      ; 0.833      ;
; 0.204 ; divcd4024:freqdiv4|count[2] ; divcd4024:freqdiv4|count[6] ; GPIO_0[12]   ; GPIO_0[12]  ; 1.000        ; 0.000      ; 0.828      ;
; 0.205 ; divcd4024:freqdiv4|count[1] ; divcd4024:freqdiv4|count[5] ; GPIO_0[12]   ; GPIO_0[12]  ; 1.000        ; 0.000      ; 0.827      ;
; 0.207 ; divcd4024:freqdiv1|count[1] ; divcd4024:freqdiv1|count[5] ; GPIO_0[12]   ; GPIO_0[12]  ; 1.000        ; 0.000      ; 0.825      ;
; 0.207 ; divcd4024:freqdiv3|count[2] ; divcd4024:freqdiv3|count[6] ; GPIO_0[12]   ; GPIO_0[12]  ; 1.000        ; 0.000      ; 0.825      ;
; 0.216 ; divcd4024:freqdiv4|count[0] ; divcd4024:freqdiv4|count[5] ; GPIO_0[12]   ; GPIO_0[12]  ; 1.000        ; 0.000      ; 0.816      ;
; 0.218 ; divcd4024:freqdiv3|count[1] ; divcd4024:freqdiv3|count[5] ; GPIO_0[12]   ; GPIO_0[12]  ; 1.000        ; 0.000      ; 0.814      ;
; 0.220 ; divcd4024:freqdiv1|count[0] ; divcd4024:freqdiv1|count[5] ; GPIO_0[12]   ; GPIO_0[12]  ; 1.000        ; 0.000      ; 0.812      ;
; 0.224 ; divcd4024:freqdiv1|count[2] ; divcd4024:freqdiv1|count[6] ; GPIO_0[12]   ; GPIO_0[12]  ; 1.000        ; 0.000      ; 0.808      ;
; 0.225 ; divcd4024:freqdiv2|count[0] ; divcd4024:freqdiv2|count[6] ; GPIO_0[12]   ; GPIO_0[12]  ; 1.000        ; 0.000      ; 0.807      ;
; 0.225 ; divcd4024:freqdiv6|count[1] ; divcd4024:freqdiv6|count[6] ; GPIO_0[12]   ; GPIO_0[12]  ; 1.000        ; 0.000      ; 0.807      ;
; 0.225 ; divcd4024:freqdiv8|count[0] ; divcd4024:freqdiv8|count[4] ; GPIO_0[12]   ; GPIO_0[12]  ; 1.000        ; 0.000      ; 0.807      ;
; 0.226 ; divcd4024:freqdiv5|count[0] ; divcd4024:freqdiv5|count[6] ; GPIO_0[12]   ; GPIO_0[12]  ; 1.000        ; 0.000      ; 0.806      ;
; 0.229 ; divcd4024:freqdiv8|count[2] ; divcd4024:freqdiv8|count[5] ; GPIO_0[12]   ; GPIO_0[12]  ; 1.000        ; 0.000      ; 0.803      ;
; 0.230 ; divcd4024:freqdiv7|count[0] ; divcd4024:freqdiv7|count[6] ; GPIO_0[12]   ; GPIO_0[12]  ; 1.000        ; 0.000      ; 0.802      ;
; 0.238 ; divcd4024:freqdiv6|count[0] ; divcd4024:freqdiv6|count[6] ; GPIO_0[12]   ; GPIO_0[12]  ; 1.000        ; 0.000      ; 0.794      ;
; 0.239 ; divcd4024:freqdiv8|count[1] ; divcd4024:freqdiv8|count[6] ; GPIO_0[12]   ; GPIO_0[12]  ; 1.000        ; 0.000      ; 0.793      ;
; 0.239 ; divcd4024:freqdiv4|count[2] ; divcd4024:freqdiv4|count[5] ; GPIO_0[12]   ; GPIO_0[12]  ; 1.000        ; 0.000      ; 0.793      ;
; 0.240 ; divcd4024:freqdiv4|count[1] ; divcd4024:freqdiv4|count[4] ; GPIO_0[12]   ; GPIO_0[12]  ; 1.000        ; 0.000      ; 0.792      ;
; 0.240 ; divcd4024:freqdiv5|count[1] ; divcd4024:freqdiv5|count[6] ; GPIO_0[12]   ; GPIO_0[12]  ; 1.000        ; 0.000      ; 0.792      ;
; 0.242 ; divcd4024:freqdiv1|count[1] ; divcd4024:freqdiv1|count[4] ; GPIO_0[12]   ; GPIO_0[12]  ; 1.000        ; 0.000      ; 0.790      ;
; 0.242 ; divcd4024:freqdiv3|count[3] ; divcd4024:freqdiv3|count[6] ; GPIO_0[12]   ; GPIO_0[12]  ; 1.000        ; 0.000      ; 0.790      ;
; 0.242 ; divcd4024:freqdiv3|count[2] ; divcd4024:freqdiv3|count[5] ; GPIO_0[12]   ; GPIO_0[12]  ; 1.000        ; 0.000      ; 0.790      ;
; 0.245 ; divcd4024:freqdiv2|count[1] ; divcd4024:freqdiv2|count[6] ; GPIO_0[12]   ; GPIO_0[12]  ; 1.000        ; 0.000      ; 0.787      ;
; 0.247 ; divcd4024:freqdiv7|count[1] ; divcd4024:freqdiv7|count[6] ; GPIO_0[12]   ; GPIO_0[12]  ; 1.000        ; 0.000      ; 0.785      ;
; 0.251 ; divcd4024:freqdiv4|count[0] ; divcd4024:freqdiv4|count[4] ; GPIO_0[12]   ; GPIO_0[12]  ; 1.000        ; 0.000      ; 0.781      ;
; 0.252 ; divcd4024:freqdiv4|count[3] ; divcd4024:freqdiv4|count[6] ; GPIO_0[12]   ; GPIO_0[12]  ; 1.000        ; 0.000      ; 0.780      ;
; 0.255 ; divcd4024:freqdiv1|count[0] ; divcd4024:freqdiv1|count[4] ; GPIO_0[12]   ; GPIO_0[12]  ; 1.000        ; 0.000      ; 0.777      ;
; 0.259 ; divcd4024:freqdiv1|count[2] ; divcd4024:freqdiv1|count[5] ; GPIO_0[12]   ; GPIO_0[12]  ; 1.000        ; 0.000      ; 0.773      ;
; 0.260 ; divcd4024:freqdiv2|count[0] ; divcd4024:freqdiv2|count[5] ; GPIO_0[12]   ; GPIO_0[12]  ; 1.000        ; 0.000      ; 0.772      ;
; 0.260 ; divcd4024:freqdiv6|count[1] ; divcd4024:freqdiv6|count[5] ; GPIO_0[12]   ; GPIO_0[12]  ; 1.000        ; 0.000      ; 0.772      ;
; 0.260 ; divcd4024:freqdiv8|count[0] ; divcd4024:freqdiv8|count[3] ; GPIO_0[12]   ; GPIO_0[12]  ; 1.000        ; 0.000      ; 0.772      ;
; 0.261 ; divcd4024:freqdiv5|count[0] ; divcd4024:freqdiv5|count[5] ; GPIO_0[12]   ; GPIO_0[12]  ; 1.000        ; 0.000      ; 0.771      ;
; 0.261 ; divcd4024:freqdiv5|count[2] ; divcd4024:freqdiv5|count[6] ; GPIO_0[12]   ; GPIO_0[12]  ; 1.000        ; 0.000      ; 0.771      ;
; 0.263 ; divcd4024:freqdiv8|count[4] ; divcd4024:freqdiv8|count[6] ; GPIO_0[12]   ; GPIO_0[12]  ; 1.000        ; 0.000      ; 0.769      ;
; 0.264 ; divcd4024:freqdiv8|count[2] ; divcd4024:freqdiv8|count[4] ; GPIO_0[12]   ; GPIO_0[12]  ; 1.000        ; 0.000      ; 0.768      ;
; 0.265 ; divcd4024:freqdiv7|count[0] ; divcd4024:freqdiv7|count[5] ; GPIO_0[12]   ; GPIO_0[12]  ; 1.000        ; 0.000      ; 0.767      ;
; 0.273 ; divcd4024:freqdiv6|count[0] ; divcd4024:freqdiv6|count[5] ; GPIO_0[12]   ; GPIO_0[12]  ; 1.000        ; 0.000      ; 0.759      ;
; 0.274 ; divcd4024:freqdiv8|count[1] ; divcd4024:freqdiv8|count[5] ; GPIO_0[12]   ; GPIO_0[12]  ; 1.000        ; 0.000      ; 0.758      ;
; 0.274 ; divcd4024:freqdiv4|count[2] ; divcd4024:freqdiv4|count[4] ; GPIO_0[12]   ; GPIO_0[12]  ; 1.000        ; 0.000      ; 0.758      ;
; 0.275 ; divcd4024:freqdiv6|count[2] ; divcd4024:freqdiv6|count[6] ; GPIO_0[12]   ; GPIO_0[12]  ; 1.000        ; 0.000      ; 0.757      ;
; 0.275 ; divcd4024:freqdiv5|count[1] ; divcd4024:freqdiv5|count[5] ; GPIO_0[12]   ; GPIO_0[12]  ; 1.000        ; 0.000      ; 0.757      ;
; 0.277 ; divcd4024:freqdiv1|count[1] ; divcd4024:freqdiv1|count[3] ; GPIO_0[12]   ; GPIO_0[12]  ; 1.000        ; 0.000      ; 0.755      ;
; 0.277 ; divcd4024:freqdiv3|count[3] ; divcd4024:freqdiv3|count[5] ; GPIO_0[12]   ; GPIO_0[12]  ; 1.000        ; 0.000      ; 0.755      ;
; 0.280 ; divcd4024:freqdiv2|count[2] ; divcd4024:freqdiv2|count[6] ; GPIO_0[12]   ; GPIO_0[12]  ; 1.000        ; 0.000      ; 0.752      ;
; 0.280 ; divcd4024:freqdiv7|count[2] ; divcd4024:freqdiv7|count[6] ; GPIO_0[12]   ; GPIO_0[12]  ; 1.000        ; 0.000      ; 0.752      ;
; 0.280 ; divcd4024:freqdiv2|count[1] ; divcd4024:freqdiv2|count[5] ; GPIO_0[12]   ; GPIO_0[12]  ; 1.000        ; 0.000      ; 0.752      ;
; 0.282 ; divcd4024:freqdiv7|count[1] ; divcd4024:freqdiv7|count[5] ; GPIO_0[12]   ; GPIO_0[12]  ; 1.000        ; 0.000      ; 0.750      ;
; 0.287 ; divcd4024:freqdiv4|count[3] ; divcd4024:freqdiv4|count[5] ; GPIO_0[12]   ; GPIO_0[12]  ; 1.000        ; 0.000      ; 0.745      ;
; 0.290 ; divcd4024:freqdiv1|count[0] ; divcd4024:freqdiv1|count[3] ; GPIO_0[12]   ; GPIO_0[12]  ; 1.000        ; 0.000      ; 0.742      ;
; 0.291 ; divcd4024:freqdiv3|count[4] ; divcd4024:freqdiv3|count[6] ; GPIO_0[12]   ; GPIO_0[12]  ; 1.000        ; 0.000      ; 0.741      ;
; 0.293 ; divcd4024:freqdiv3|count[0] ; divcd4024:freqdiv3|count[4] ; GPIO_0[12]   ; GPIO_0[12]  ; 1.000        ; 0.000      ; 0.739      ;
; 0.294 ; divcd4024:freqdiv1|count[2] ; divcd4024:freqdiv1|count[4] ; GPIO_0[12]   ; GPIO_0[12]  ; 1.000        ; 0.000      ; 0.738      ;
; 0.295 ; divcd4024:freqdiv2|count[0] ; divcd4024:freqdiv2|count[4] ; GPIO_0[12]   ; GPIO_0[12]  ; 1.000        ; 0.000      ; 0.737      ;
; 0.295 ; divcd4024:freqdiv6|count[1] ; divcd4024:freqdiv6|count[4] ; GPIO_0[12]   ; GPIO_0[12]  ; 1.000        ; 0.000      ; 0.737      ;
; 0.295 ; divcd4024:freqdiv8|count[0] ; divcd4024:freqdiv8|count[2] ; GPIO_0[12]   ; GPIO_0[12]  ; 1.000        ; 0.000      ; 0.737      ;
; 0.295 ; divcd4024:freqdiv6|count[3] ; divcd4024:freqdiv6|count[6] ; GPIO_0[12]   ; GPIO_0[12]  ; 1.000        ; 0.000      ; 0.737      ;
; 0.296 ; divcd4024:freqdiv5|count[0] ; divcd4024:freqdiv5|count[4] ; GPIO_0[12]   ; GPIO_0[12]  ; 1.000        ; 0.000      ; 0.736      ;
; 0.296 ; divcd4024:freqdiv5|count[2] ; divcd4024:freqdiv5|count[5] ; GPIO_0[12]   ; GPIO_0[12]  ; 1.000        ; 0.000      ; 0.736      ;
; 0.298 ; divcd4024:freqdiv1|count[3] ; divcd4024:freqdiv1|count[6] ; GPIO_0[12]   ; GPIO_0[12]  ; 1.000        ; 0.000      ; 0.734      ;
; 0.298 ; divcd4024:freqdiv8|count[4] ; divcd4024:freqdiv8|count[5] ; GPIO_0[12]   ; GPIO_0[12]  ; 1.000        ; 0.000      ; 0.734      ;
; 0.299 ; divcd4024:freqdiv8|count[2] ; divcd4024:freqdiv8|count[3] ; GPIO_0[12]   ; GPIO_0[12]  ; 1.000        ; 0.000      ; 0.733      ;
; 0.300 ; divcd4024:freqdiv7|count[0] ; divcd4024:freqdiv7|count[4] ; GPIO_0[12]   ; GPIO_0[12]  ; 1.000        ; 0.000      ; 0.732      ;
; 0.308 ; divcd4024:freqdiv8|count[3] ; divcd4024:freqdiv8|count[6] ; GPIO_0[12]   ; GPIO_0[12]  ; 1.000        ; 0.000      ; 0.724      ;
; 0.308 ; divcd4024:freqdiv6|count[0] ; divcd4024:freqdiv6|count[4] ; GPIO_0[12]   ; GPIO_0[12]  ; 1.000        ; 0.000      ; 0.724      ;
; 0.309 ; divcd4024:freqdiv8|count[1] ; divcd4024:freqdiv8|count[4] ; GPIO_0[12]   ; GPIO_0[12]  ; 1.000        ; 0.000      ; 0.723      ;
; 0.310 ; divcd4024:freqdiv2|count[3] ; divcd4024:freqdiv2|count[6] ; GPIO_0[12]   ; GPIO_0[12]  ; 1.000        ; 0.000      ; 0.722      ;
; 0.310 ; divcd4024:freqdiv5|count[3] ; divcd4024:freqdiv5|count[6] ; GPIO_0[12]   ; GPIO_0[12]  ; 1.000        ; 0.000      ; 0.722      ;
; 0.310 ; divcd4024:freqdiv7|count[3] ; divcd4024:freqdiv7|count[6] ; GPIO_0[12]   ; GPIO_0[12]  ; 1.000        ; 0.000      ; 0.722      ;
; 0.310 ; divcd4024:freqdiv6|count[2] ; divcd4024:freqdiv6|count[5] ; GPIO_0[12]   ; GPIO_0[12]  ; 1.000        ; 0.000      ; 0.722      ;
; 0.310 ; divcd4024:freqdiv5|count[1] ; divcd4024:freqdiv5|count[4] ; GPIO_0[12]   ; GPIO_0[12]  ; 1.000        ; 0.000      ; 0.722      ;
; 0.312 ; divcd4024:freqdiv3|count[1] ; divcd4024:freqdiv3|count[4] ; GPIO_0[12]   ; GPIO_0[12]  ; 1.000        ; 0.000      ; 0.720      ;
; 0.315 ; divcd4024:freqdiv2|count[2] ; divcd4024:freqdiv2|count[5] ; GPIO_0[12]   ; GPIO_0[12]  ; 1.000        ; 0.000      ; 0.717      ;
; 0.315 ; divcd4024:freqdiv7|count[2] ; divcd4024:freqdiv7|count[5] ; GPIO_0[12]   ; GPIO_0[12]  ; 1.000        ; 0.000      ; 0.717      ;
; 0.315 ; divcd4024:freqdiv2|count[1] ; divcd4024:freqdiv2|count[4] ; GPIO_0[12]   ; GPIO_0[12]  ; 1.000        ; 0.000      ; 0.717      ;
; 0.317 ; divcd4024:freqdiv7|count[1] ; divcd4024:freqdiv7|count[4] ; GPIO_0[12]   ; GPIO_0[12]  ; 1.000        ; 0.000      ; 0.715      ;
; 0.322 ; divcd4024:freqdiv4|count[3] ; divcd4024:freqdiv4|count[4] ; GPIO_0[12]   ; GPIO_0[12]  ; 1.000        ; 0.000      ; 0.710      ;
; 0.326 ; divcd4024:freqdiv3|count[4] ; divcd4024:freqdiv3|count[5] ; GPIO_0[12]   ; GPIO_0[12]  ; 1.000        ; 0.000      ; 0.706      ;
; 0.328 ; divcd4024:freqdiv3|count[0] ; divcd4024:freqdiv3|count[3] ; GPIO_0[12]   ; GPIO_0[12]  ; 1.000        ; 0.000      ; 0.704      ;
; 0.329 ; divcd4024:freqdiv1|count[2] ; divcd4024:freqdiv1|count[3] ; GPIO_0[12]   ; GPIO_0[12]  ; 1.000        ; 0.000      ; 0.703      ;
; 0.330 ; divcd4024:freqdiv2|count[0] ; divcd4024:freqdiv2|count[3] ; GPIO_0[12]   ; GPIO_0[12]  ; 1.000        ; 0.000      ; 0.702      ;
; 0.330 ; divcd4024:freqdiv6|count[1] ; divcd4024:freqdiv6|count[3] ; GPIO_0[12]   ; GPIO_0[12]  ; 1.000        ; 0.000      ; 0.702      ;
; 0.330 ; divcd4024:freqdiv6|count[3] ; divcd4024:freqdiv6|count[5] ; GPIO_0[12]   ; GPIO_0[12]  ; 1.000        ; 0.000      ; 0.702      ;
; 0.331 ; divcd4024:freqdiv5|count[0] ; divcd4024:freqdiv5|count[3] ; GPIO_0[12]   ; GPIO_0[12]  ; 1.000        ; 0.000      ; 0.701      ;
; 0.331 ; divcd4024:freqdiv2|count[4] ; divcd4024:freqdiv2|count[6] ; GPIO_0[12]   ; GPIO_0[12]  ; 1.000        ; 0.000      ; 0.701      ;
; 0.331 ; divcd4024:freqdiv5|count[4] ; divcd4024:freqdiv5|count[6] ; GPIO_0[12]   ; GPIO_0[12]  ; 1.000        ; 0.000      ; 0.701      ;
; 0.331 ; divcd4024:freqdiv5|count[2] ; divcd4024:freqdiv5|count[4] ; GPIO_0[12]   ; GPIO_0[12]  ; 1.000        ; 0.000      ; 0.701      ;
; 0.332 ; divcd4024:freqdiv4|count[4] ; divcd4024:freqdiv4|count[6] ; GPIO_0[12]   ; GPIO_0[12]  ; 1.000        ; 0.000      ; 0.700      ;
; 0.333 ; divcd4024:freqdiv1|count[3] ; divcd4024:freqdiv1|count[5] ; GPIO_0[12]   ; GPIO_0[12]  ; 1.000        ; 0.000      ; 0.699      ;
; 0.334 ; divcd4024:freqdiv4|count[1] ; divcd4024:freqdiv4|count[3] ; GPIO_0[12]   ; GPIO_0[12]  ; 1.000        ; 0.000      ; 0.698      ;
; 0.334 ; divcd4024:freqdiv7|count[4] ; divcd4024:freqdiv7|count[6] ; GPIO_0[12]   ; GPIO_0[12]  ; 1.000        ; 0.000      ; 0.698      ;
+-------+-----------------------------+-----------------------------+--------------+-------------+--------------+------------+------------+


+-------------------------------------------------------------------------------------------------------------------------------------------------+
; Fast Model Setup: 'GPIO_0[1]'                                                                                                                   ;
+-------+--------------------------------+----------------------------------+--------------+-------------+--------------+------------+------------+
; Slack ; From Node                      ; To Node                          ; Launch Clock ; Latch Clock ; Relationship ; Clock Skew ; Data Delay ;
+-------+--------------------------------+----------------------------------+--------------+-------------+--------------+------------+------------+
; 0.320 ; sr74hc595:pitchsr3|inputsr[7]  ; sr74hc595:pitchsr3|storagesr[7]  ; GPIO_0[0]    ; GPIO_0[1]   ; 1.000        ; -0.049     ; 0.663      ;
; 0.330 ; sr74hc595:pitchsr1|inputsr[6]  ; sr74hc595:pitchsr1|storagesr[6]  ; GPIO_0[0]    ; GPIO_0[1]   ; 1.000        ; -0.051     ; 0.651      ;
; 0.331 ; sr74hc595:pitchsr3|inputsr[5]  ; sr74hc595:pitchsr3|storagesr[5]  ; GPIO_0[0]    ; GPIO_0[1]   ; 1.000        ; -0.049     ; 0.652      ;
; 0.336 ; sr74hc595:pitchsr4|inputsr[3]  ; sr74hc595:pitchsr4|storagesr[3]  ; GPIO_0[0]    ; GPIO_0[1]   ; 1.000        ; -0.046     ; 0.650      ;
; 0.350 ; sr74hc595:pitchsr3|inputsr[4]  ; sr74hc595:pitchsr3|storagesr[4]  ; GPIO_0[0]    ; GPIO_0[1]   ; 1.000        ; -0.049     ; 0.633      ;
; 0.352 ; sr74hc595:pitchsr4|inputsr[5]  ; sr74hc595:pitchsr4|storagesr[5]  ; GPIO_0[0]    ; GPIO_0[1]   ; 1.000        ; -0.051     ; 0.629      ;
; 0.358 ; sr74hc595:pitchsr4|inputsr[0]  ; sr74hc595:pitchsr4|storagesr[0]  ; GPIO_0[0]    ; GPIO_0[1]   ; 1.000        ; -0.046     ; 0.628      ;
; 0.362 ; sr74hc595:pitchsr3|inputsr[0]  ; sr74hc595:pitchsr3|storagesr[0]  ; GPIO_0[0]    ; GPIO_0[1]   ; 1.000        ; -0.044     ; 0.626      ;
; 0.362 ; sr74hc595:pitchsr4|inputsr[1]  ; sr74hc595:pitchsr4|storagesr[1]  ; GPIO_0[0]    ; GPIO_0[1]   ; 1.000        ; -0.046     ; 0.624      ;
; 0.364 ; sr74hc595:pitchsr3|inputsr[1]  ; sr74hc595:pitchsr3|storagesr[1]  ; GPIO_0[0]    ; GPIO_0[1]   ; 1.000        ; -0.044     ; 0.624      ;
; 0.409 ; sr74hc595:pitchsr4|inputsr[4]  ; sr74hc595:pitchsr4|storagesr[4]  ; GPIO_0[0]    ; GPIO_0[1]   ; 1.000        ; -0.051     ; 0.572      ;
; 0.418 ; sr74hc595:pitchsr3|inputsr[2]  ; sr74hc595:pitchsr3|storagesr[2]  ; GPIO_0[0]    ; GPIO_0[1]   ; 1.000        ; -0.044     ; 0.570      ;
; 0.445 ; sr74hc595:pitchsr2|inputsr[5]  ; sr74hc595:pitchsr2|storagesr[5]  ; GPIO_0[0]    ; GPIO_0[1]   ; 1.000        ; -0.020     ; 0.567      ;
; 0.446 ; sr74hc595:pitchsr3|inputsr[6]  ; sr74hc595:pitchsr3|storagesr[6]  ; GPIO_0[0]    ; GPIO_0[1]   ; 1.000        ; -0.049     ; 0.537      ;
; 0.456 ; sr74hc595:pitchsr2|inputsr[7]  ; sr74hc595:pitchsr2|storagesr[7]  ; GPIO_0[0]    ; GPIO_0[1]   ; 1.000        ; -0.020     ; 0.556      ;
; 0.478 ; sr74hc595:pitchsr2|inputsr[6]  ; sr74hc595:pitchsr2|storagesr[6]  ; GPIO_0[0]    ; GPIO_0[1]   ; 1.000        ; -0.020     ; 0.534      ;
; 0.506 ; sr74hc595:pitchsr2|inputsr[4]  ; sr74hc595:pitchsr2|storagesr[4]  ; GPIO_0[0]    ; GPIO_0[1]   ; 1.000        ; -0.123     ; 0.403      ;
; 0.516 ; sr74hc595:pitchsr2|inputsr[2]  ; sr74hc595:pitchsr2|storagesr[2]  ; GPIO_0[0]    ; GPIO_0[1]   ; 1.000        ; -0.123     ; 0.393      ;
; 0.518 ; sr74hc595:pitchsr2|inputsr[0]  ; sr74hc595:pitchsr2|storagesr[0]  ; GPIO_0[0]    ; GPIO_0[1]   ; 1.000        ; -0.123     ; 0.391      ;
; 0.518 ; sr74hc595:pitchsr2|inputsr[3]  ; sr74hc595:pitchsr2|storagesr[3]  ; GPIO_0[0]    ; GPIO_0[1]   ; 1.000        ; -0.123     ; 0.391      ;
; 0.519 ; sr74hc595:pitchsr2|inputsr[1]  ; sr74hc595:pitchsr2|storagesr[1]  ; GPIO_0[0]    ; GPIO_0[1]   ; 1.000        ; -0.123     ; 0.390      ;
; 0.562 ; sr74hc595:pitchsr1|inputsr[2]  ; sr74hc595:pitchsr1|storagesr[2]  ; GPIO_0[0]    ; GPIO_0[1]   ; 1.000        ; -0.070     ; 0.400      ;
; 0.566 ; sr74hc595:pitchsr1|inputsr[3]  ; sr74hc595:pitchsr1|storagesr[3]  ; GPIO_0[0]    ; GPIO_0[1]   ; 1.000        ; -0.070     ; 0.396      ;
; 0.566 ; sr74hc595:pitchsr1|inputsr[5]  ; sr74hc595:pitchsr1|storagesr[5]  ; GPIO_0[0]    ; GPIO_0[1]   ; 1.000        ; -0.070     ; 0.396      ;
; 0.566 ; sr74hc595:pitchsr1|inputsr[4]  ; sr74hc595:pitchsr1|storagesr[4]  ; GPIO_0[0]    ; GPIO_0[1]   ; 1.000        ; -0.070     ; 0.396      ;
; 0.567 ; sr74hc595:pitchsr1|inputsr[0]  ; sr74hc595:pitchsr1|storagesr[0]  ; GPIO_0[0]    ; GPIO_0[1]   ; 1.000        ; -0.070     ; 0.395      ;
; 0.567 ; sr74hc595:pitchsr1|inputsr[7]  ; sr74hc595:pitchsr1|storagesr[7]  ; GPIO_0[0]    ; GPIO_0[1]   ; 1.000        ; -0.070     ; 0.395      ;
; 0.568 ; sr74hc595:pitchsr1|inputsr[1]  ; sr74hc595:pitchsr1|storagesr[1]  ; GPIO_0[0]    ; GPIO_0[1]   ; 1.000        ; -0.070     ; 0.394      ;
; 0.589 ; sr74hc595:pitchsr4|inputsr[6]  ; sr74hc595:pitchsr4|storagesr[6]  ; GPIO_0[0]    ; GPIO_0[1]   ; 1.000        ; -0.051     ; 0.392      ;
; 0.593 ; sr74hc595:pitchsr3|inputsr[3]  ; sr74hc595:pitchsr3|storagesr[3]  ; GPIO_0[0]    ; GPIO_0[1]   ; 1.000        ; -0.044     ; 0.395      ;
; 0.594 ; sr74hc595:pitchsr4|inputsr[2]  ; sr74hc595:pitchsr4|storagesr[2]  ; GPIO_0[0]    ; GPIO_0[1]   ; 1.000        ; -0.046     ; 0.392      ;
; 0.604 ; sr74hc595:pitchsr4|inputsr[7]  ; sr74hc595:pitchsr4|storagesr[7]  ; GPIO_0[0]    ; GPIO_0[1]   ; 1.000        ; -0.038     ; 0.390      ;
; 3.280 ; sr74hc595:octavesr2|inputsr[4] ; sr74hc595:octavesr2|storagesr[4] ; GPIO_0[0]    ; GPIO_0[1]   ; 1.000        ; 2.889      ; 0.641      ;
; 3.281 ; sr74hc595:octavesr2|inputsr[7] ; sr74hc595:octavesr2|storagesr[7] ; GPIO_0[0]    ; GPIO_0[1]   ; 1.000        ; 2.889      ; 0.640      ;
; 3.310 ; sr74hc595:octavesr4|inputsr[5] ; sr74hc595:octavesr4|storagesr[5] ; GPIO_0[0]    ; GPIO_0[1]   ; 1.000        ; 2.748      ; 0.470      ;
; 3.384 ; sr74hc595:octavesr4|inputsr[3] ; sr74hc595:octavesr4|storagesr[3] ; GPIO_0[0]    ; GPIO_0[1]   ; 1.000        ; 2.748      ; 0.396      ;
; 3.386 ; sr74hc595:octavesr4|inputsr[0] ; sr74hc595:octavesr4|storagesr[0] ; GPIO_0[0]    ; GPIO_0[1]   ; 1.000        ; 2.748      ; 0.394      ;
; 3.387 ; sr74hc595:octavesr4|inputsr[1] ; sr74hc595:octavesr4|storagesr[1] ; GPIO_0[0]    ; GPIO_0[1]   ; 1.000        ; 2.748      ; 0.393      ;
; 3.387 ; sr74hc595:octavesr4|inputsr[2] ; sr74hc595:octavesr4|storagesr[2] ; GPIO_0[0]    ; GPIO_0[1]   ; 1.000        ; 2.748      ; 0.393      ;
; 3.387 ; sr74hc595:octavesr4|inputsr[4] ; sr74hc595:octavesr4|storagesr[4] ; GPIO_0[0]    ; GPIO_0[1]   ; 1.000        ; 2.748      ; 0.393      ;
; 3.387 ; sr74hc595:octavesr4|inputsr[7] ; sr74hc595:octavesr4|storagesr[7] ; GPIO_0[0]    ; GPIO_0[1]   ; 1.000        ; 2.748      ; 0.393      ;
; 3.389 ; sr74hc595:octavesr4|inputsr[6] ; sr74hc595:octavesr4|storagesr[6] ; GPIO_0[0]    ; GPIO_0[1]   ; 1.000        ; 2.748      ; 0.391      ;
; 3.394 ; sr74hc595:octavesr3|inputsr[1] ; sr74hc595:octavesr3|storagesr[1] ; GPIO_0[0]    ; GPIO_0[1]   ; 1.000        ; 2.836      ; 0.474      ;
; 3.454 ; sr74hc595:octavesr2|inputsr[6] ; sr74hc595:octavesr2|storagesr[6] ; GPIO_0[0]    ; GPIO_0[1]   ; 1.000        ; 2.894      ; 0.472      ;
; 3.472 ; sr74hc595:octavesr3|inputsr[4] ; sr74hc595:octavesr3|storagesr[4] ; GPIO_0[0]    ; GPIO_0[1]   ; 1.000        ; 2.836      ; 0.396      ;
; 3.473 ; sr74hc595:octavesr3|inputsr[3] ; sr74hc595:octavesr3|storagesr[3] ; GPIO_0[0]    ; GPIO_0[1]   ; 1.000        ; 2.836      ; 0.395      ;
; 3.473 ; sr74hc595:octavesr3|inputsr[5] ; sr74hc595:octavesr3|storagesr[5] ; GPIO_0[0]    ; GPIO_0[1]   ; 1.000        ; 2.836      ; 0.395      ;
; 3.474 ; sr74hc595:octavesr3|inputsr[2] ; sr74hc595:octavesr3|storagesr[2] ; GPIO_0[0]    ; GPIO_0[1]   ; 1.000        ; 2.836      ; 0.394      ;
; 3.474 ; sr74hc595:octavesr3|inputsr[6] ; sr74hc595:octavesr3|storagesr[6] ; GPIO_0[0]    ; GPIO_0[1]   ; 1.000        ; 2.836      ; 0.394      ;
; 3.475 ; sr74hc595:octavesr3|inputsr[0] ; sr74hc595:octavesr3|storagesr[0] ; GPIO_0[0]    ; GPIO_0[1]   ; 1.000        ; 2.836      ; 0.393      ;
; 3.475 ; sr74hc595:octavesr3|inputsr[7] ; sr74hc595:octavesr3|storagesr[7] ; GPIO_0[0]    ; GPIO_0[1]   ; 1.000        ; 2.836      ; 0.393      ;
; 3.530 ; sr74hc595:octavesr2|inputsr[3] ; sr74hc595:octavesr2|storagesr[3] ; GPIO_0[0]    ; GPIO_0[1]   ; 1.000        ; 2.894      ; 0.396      ;
; 3.531 ; sr74hc595:octavesr2|inputsr[2] ; sr74hc595:octavesr2|storagesr[2] ; GPIO_0[0]    ; GPIO_0[1]   ; 1.000        ; 2.894      ; 0.395      ;
; 3.532 ; sr74hc595:octavesr1|inputsr[7] ; sr74hc595:octavesr1|storagesr[7] ; GPIO_0[0]    ; GPIO_0[1]   ; 1.000        ; 2.894      ; 0.394      ;
; 3.532 ; sr74hc595:octavesr2|inputsr[5] ; sr74hc595:octavesr2|storagesr[5] ; GPIO_0[0]    ; GPIO_0[1]   ; 1.000        ; 2.894      ; 0.394      ;
; 3.533 ; sr74hc595:octavesr2|inputsr[0] ; sr74hc595:octavesr2|storagesr[0] ; GPIO_0[0]    ; GPIO_0[1]   ; 1.000        ; 2.894      ; 0.393      ;
; 3.535 ; sr74hc595:octavesr2|inputsr[1] ; sr74hc595:octavesr2|storagesr[1] ; GPIO_0[0]    ; GPIO_0[1]   ; 1.000        ; 2.894      ; 0.391      ;
; 3.758 ; sr74hc595:octavesr1|inputsr[6] ; sr74hc595:octavesr1|storagesr[6] ; GPIO_0[0]    ; GPIO_0[1]   ; 1.000        ; 3.123      ; 0.397      ;
; 3.761 ; sr74hc595:octavesr1|inputsr[1] ; sr74hc595:octavesr1|storagesr[1] ; GPIO_0[0]    ; GPIO_0[1]   ; 1.000        ; 3.123      ; 0.394      ;
; 3.762 ; sr74hc595:octavesr1|inputsr[2] ; sr74hc595:octavesr1|storagesr[2] ; GPIO_0[0]    ; GPIO_0[1]   ; 1.000        ; 3.123      ; 0.393      ;
; 3.762 ; sr74hc595:octavesr1|inputsr[3] ; sr74hc595:octavesr1|storagesr[3] ; GPIO_0[0]    ; GPIO_0[1]   ; 1.000        ; 3.123      ; 0.393      ;
; 3.762 ; sr74hc595:octavesr1|inputsr[5] ; sr74hc595:octavesr1|storagesr[5] ; GPIO_0[0]    ; GPIO_0[1]   ; 1.000        ; 3.123      ; 0.393      ;
; 3.762 ; sr74hc595:octavesr1|inputsr[4] ; sr74hc595:octavesr1|storagesr[4] ; GPIO_0[0]    ; GPIO_0[1]   ; 1.000        ; 3.123      ; 0.393      ;
; 3.766 ; sr74hc595:octavesr1|inputsr[0] ; sr74hc595:octavesr1|storagesr[0] ; GPIO_0[0]    ; GPIO_0[1]   ; 1.000        ; 3.123      ; 0.389      ;
+-------+--------------------------------+----------------------------------+--------------+-------------+--------------+------------+------------+


+--------------------------------------------------------------------------------------------------------------------------------------------------+
; Fast Model Hold: 'GPIO_0[1]'                                                                                                                     ;
+--------+--------------------------------+----------------------------------+--------------+-------------+--------------+------------+------------+
; Slack  ; From Node                      ; To Node                          ; Launch Clock ; Latch Clock ; Relationship ; Clock Skew ; Data Delay ;
+--------+--------------------------------+----------------------------------+--------------+-------------+--------------+------------+------------+
; -2.886 ; sr74hc595:octavesr1|inputsr[0] ; sr74hc595:octavesr1|storagesr[0] ; GPIO_0[0]    ; GPIO_0[1]   ; 0.000        ; 3.123      ; 0.389      ;
; -2.882 ; sr74hc595:octavesr1|inputsr[2] ; sr74hc595:octavesr1|storagesr[2] ; GPIO_0[0]    ; GPIO_0[1]   ; 0.000        ; 3.123      ; 0.393      ;
; -2.882 ; sr74hc595:octavesr1|inputsr[3] ; sr74hc595:octavesr1|storagesr[3] ; GPIO_0[0]    ; GPIO_0[1]   ; 0.000        ; 3.123      ; 0.393      ;
; -2.882 ; sr74hc595:octavesr1|inputsr[5] ; sr74hc595:octavesr1|storagesr[5] ; GPIO_0[0]    ; GPIO_0[1]   ; 0.000        ; 3.123      ; 0.393      ;
; -2.882 ; sr74hc595:octavesr1|inputsr[4] ; sr74hc595:octavesr1|storagesr[4] ; GPIO_0[0]    ; GPIO_0[1]   ; 0.000        ; 3.123      ; 0.393      ;
; -2.881 ; sr74hc595:octavesr1|inputsr[1] ; sr74hc595:octavesr1|storagesr[1] ; GPIO_0[0]    ; GPIO_0[1]   ; 0.000        ; 3.123      ; 0.394      ;
; -2.878 ; sr74hc595:octavesr1|inputsr[6] ; sr74hc595:octavesr1|storagesr[6] ; GPIO_0[0]    ; GPIO_0[1]   ; 0.000        ; 3.123      ; 0.397      ;
; -2.655 ; sr74hc595:octavesr2|inputsr[1] ; sr74hc595:octavesr2|storagesr[1] ; GPIO_0[0]    ; GPIO_0[1]   ; 0.000        ; 2.894      ; 0.391      ;
; -2.653 ; sr74hc595:octavesr2|inputsr[0] ; sr74hc595:octavesr2|storagesr[0] ; GPIO_0[0]    ; GPIO_0[1]   ; 0.000        ; 2.894      ; 0.393      ;
; -2.652 ; sr74hc595:octavesr1|inputsr[7] ; sr74hc595:octavesr1|storagesr[7] ; GPIO_0[0]    ; GPIO_0[1]   ; 0.000        ; 2.894      ; 0.394      ;
; -2.652 ; sr74hc595:octavesr2|inputsr[5] ; sr74hc595:octavesr2|storagesr[5] ; GPIO_0[0]    ; GPIO_0[1]   ; 0.000        ; 2.894      ; 0.394      ;
; -2.651 ; sr74hc595:octavesr2|inputsr[2] ; sr74hc595:octavesr2|storagesr[2] ; GPIO_0[0]    ; GPIO_0[1]   ; 0.000        ; 2.894      ; 0.395      ;
; -2.650 ; sr74hc595:octavesr2|inputsr[3] ; sr74hc595:octavesr2|storagesr[3] ; GPIO_0[0]    ; GPIO_0[1]   ; 0.000        ; 2.894      ; 0.396      ;
; -2.595 ; sr74hc595:octavesr3|inputsr[0] ; sr74hc595:octavesr3|storagesr[0] ; GPIO_0[0]    ; GPIO_0[1]   ; 0.000        ; 2.836      ; 0.393      ;
; -2.595 ; sr74hc595:octavesr3|inputsr[7] ; sr74hc595:octavesr3|storagesr[7] ; GPIO_0[0]    ; GPIO_0[1]   ; 0.000        ; 2.836      ; 0.393      ;
; -2.594 ; sr74hc595:octavesr3|inputsr[2] ; sr74hc595:octavesr3|storagesr[2] ; GPIO_0[0]    ; GPIO_0[1]   ; 0.000        ; 2.836      ; 0.394      ;
; -2.594 ; sr74hc595:octavesr3|inputsr[6] ; sr74hc595:octavesr3|storagesr[6] ; GPIO_0[0]    ; GPIO_0[1]   ; 0.000        ; 2.836      ; 0.394      ;
; -2.593 ; sr74hc595:octavesr3|inputsr[3] ; sr74hc595:octavesr3|storagesr[3] ; GPIO_0[0]    ; GPIO_0[1]   ; 0.000        ; 2.836      ; 0.395      ;
; -2.593 ; sr74hc595:octavesr3|inputsr[5] ; sr74hc595:octavesr3|storagesr[5] ; GPIO_0[0]    ; GPIO_0[1]   ; 0.000        ; 2.836      ; 0.395      ;
; -2.592 ; sr74hc595:octavesr3|inputsr[4] ; sr74hc595:octavesr3|storagesr[4] ; GPIO_0[0]    ; GPIO_0[1]   ; 0.000        ; 2.836      ; 0.396      ;
; -2.574 ; sr74hc595:octavesr2|inputsr[6] ; sr74hc595:octavesr2|storagesr[6] ; GPIO_0[0]    ; GPIO_0[1]   ; 0.000        ; 2.894      ; 0.472      ;
; -2.514 ; sr74hc595:octavesr3|inputsr[1] ; sr74hc595:octavesr3|storagesr[1] ; GPIO_0[0]    ; GPIO_0[1]   ; 0.000        ; 2.836      ; 0.474      ;
; -2.509 ; sr74hc595:octavesr4|inputsr[6] ; sr74hc595:octavesr4|storagesr[6] ; GPIO_0[0]    ; GPIO_0[1]   ; 0.000        ; 2.748      ; 0.391      ;
; -2.507 ; sr74hc595:octavesr4|inputsr[1] ; sr74hc595:octavesr4|storagesr[1] ; GPIO_0[0]    ; GPIO_0[1]   ; 0.000        ; 2.748      ; 0.393      ;
; -2.507 ; sr74hc595:octavesr4|inputsr[2] ; sr74hc595:octavesr4|storagesr[2] ; GPIO_0[0]    ; GPIO_0[1]   ; 0.000        ; 2.748      ; 0.393      ;
; -2.507 ; sr74hc595:octavesr4|inputsr[4] ; sr74hc595:octavesr4|storagesr[4] ; GPIO_0[0]    ; GPIO_0[1]   ; 0.000        ; 2.748      ; 0.393      ;
; -2.507 ; sr74hc595:octavesr4|inputsr[7] ; sr74hc595:octavesr4|storagesr[7] ; GPIO_0[0]    ; GPIO_0[1]   ; 0.000        ; 2.748      ; 0.393      ;
; -2.506 ; sr74hc595:octavesr4|inputsr[0] ; sr74hc595:octavesr4|storagesr[0] ; GPIO_0[0]    ; GPIO_0[1]   ; 0.000        ; 2.748      ; 0.394      ;
; -2.504 ; sr74hc595:octavesr4|inputsr[3] ; sr74hc595:octavesr4|storagesr[3] ; GPIO_0[0]    ; GPIO_0[1]   ; 0.000        ; 2.748      ; 0.396      ;
; -2.430 ; sr74hc595:octavesr4|inputsr[5] ; sr74hc595:octavesr4|storagesr[5] ; GPIO_0[0]    ; GPIO_0[1]   ; 0.000        ; 2.748      ; 0.470      ;
; -2.401 ; sr74hc595:octavesr2|inputsr[7] ; sr74hc595:octavesr2|storagesr[7] ; GPIO_0[0]    ; GPIO_0[1]   ; 0.000        ; 2.889      ; 0.640      ;
; -2.400 ; sr74hc595:octavesr2|inputsr[4] ; sr74hc595:octavesr2|storagesr[4] ; GPIO_0[0]    ; GPIO_0[1]   ; 0.000        ; 2.889      ; 0.641      ;
; 0.276  ; sr74hc595:pitchsr4|inputsr[7]  ; sr74hc595:pitchsr4|storagesr[7]  ; GPIO_0[0]    ; GPIO_0[1]   ; 0.000        ; -0.038     ; 0.390      ;
; 0.286  ; sr74hc595:pitchsr4|inputsr[2]  ; sr74hc595:pitchsr4|storagesr[2]  ; GPIO_0[0]    ; GPIO_0[1]   ; 0.000        ; -0.046     ; 0.392      ;
; 0.287  ; sr74hc595:pitchsr3|inputsr[3]  ; sr74hc595:pitchsr3|storagesr[3]  ; GPIO_0[0]    ; GPIO_0[1]   ; 0.000        ; -0.044     ; 0.395      ;
; 0.291  ; sr74hc595:pitchsr4|inputsr[6]  ; sr74hc595:pitchsr4|storagesr[6]  ; GPIO_0[0]    ; GPIO_0[1]   ; 0.000        ; -0.051     ; 0.392      ;
; 0.312  ; sr74hc595:pitchsr1|inputsr[1]  ; sr74hc595:pitchsr1|storagesr[1]  ; GPIO_0[0]    ; GPIO_0[1]   ; 0.000        ; -0.070     ; 0.394      ;
; 0.313  ; sr74hc595:pitchsr1|inputsr[0]  ; sr74hc595:pitchsr1|storagesr[0]  ; GPIO_0[0]    ; GPIO_0[1]   ; 0.000        ; -0.070     ; 0.395      ;
; 0.313  ; sr74hc595:pitchsr1|inputsr[7]  ; sr74hc595:pitchsr1|storagesr[7]  ; GPIO_0[0]    ; GPIO_0[1]   ; 0.000        ; -0.070     ; 0.395      ;
; 0.314  ; sr74hc595:pitchsr1|inputsr[3]  ; sr74hc595:pitchsr1|storagesr[3]  ; GPIO_0[0]    ; GPIO_0[1]   ; 0.000        ; -0.070     ; 0.396      ;
; 0.314  ; sr74hc595:pitchsr1|inputsr[5]  ; sr74hc595:pitchsr1|storagesr[5]  ; GPIO_0[0]    ; GPIO_0[1]   ; 0.000        ; -0.070     ; 0.396      ;
; 0.314  ; sr74hc595:pitchsr1|inputsr[4]  ; sr74hc595:pitchsr1|storagesr[4]  ; GPIO_0[0]    ; GPIO_0[1]   ; 0.000        ; -0.070     ; 0.396      ;
; 0.318  ; sr74hc595:pitchsr1|inputsr[2]  ; sr74hc595:pitchsr1|storagesr[2]  ; GPIO_0[0]    ; GPIO_0[1]   ; 0.000        ; -0.070     ; 0.400      ;
; 0.361  ; sr74hc595:pitchsr2|inputsr[1]  ; sr74hc595:pitchsr2|storagesr[1]  ; GPIO_0[0]    ; GPIO_0[1]   ; 0.000        ; -0.123     ; 0.390      ;
; 0.362  ; sr74hc595:pitchsr2|inputsr[0]  ; sr74hc595:pitchsr2|storagesr[0]  ; GPIO_0[0]    ; GPIO_0[1]   ; 0.000        ; -0.123     ; 0.391      ;
; 0.362  ; sr74hc595:pitchsr2|inputsr[3]  ; sr74hc595:pitchsr2|storagesr[3]  ; GPIO_0[0]    ; GPIO_0[1]   ; 0.000        ; -0.123     ; 0.391      ;
; 0.364  ; sr74hc595:pitchsr2|inputsr[2]  ; sr74hc595:pitchsr2|storagesr[2]  ; GPIO_0[0]    ; GPIO_0[1]   ; 0.000        ; -0.123     ; 0.393      ;
; 0.374  ; sr74hc595:pitchsr2|inputsr[4]  ; sr74hc595:pitchsr2|storagesr[4]  ; GPIO_0[0]    ; GPIO_0[1]   ; 0.000        ; -0.123     ; 0.403      ;
; 0.402  ; sr74hc595:pitchsr2|inputsr[6]  ; sr74hc595:pitchsr2|storagesr[6]  ; GPIO_0[0]    ; GPIO_0[1]   ; 0.000        ; -0.020     ; 0.534      ;
; 0.424  ; sr74hc595:pitchsr2|inputsr[7]  ; sr74hc595:pitchsr2|storagesr[7]  ; GPIO_0[0]    ; GPIO_0[1]   ; 0.000        ; -0.020     ; 0.556      ;
; 0.434  ; sr74hc595:pitchsr3|inputsr[6]  ; sr74hc595:pitchsr3|storagesr[6]  ; GPIO_0[0]    ; GPIO_0[1]   ; 0.000        ; -0.049     ; 0.537      ;
; 0.435  ; sr74hc595:pitchsr2|inputsr[5]  ; sr74hc595:pitchsr2|storagesr[5]  ; GPIO_0[0]    ; GPIO_0[1]   ; 0.000        ; -0.020     ; 0.567      ;
; 0.462  ; sr74hc595:pitchsr3|inputsr[2]  ; sr74hc595:pitchsr3|storagesr[2]  ; GPIO_0[0]    ; GPIO_0[1]   ; 0.000        ; -0.044     ; 0.570      ;
; 0.471  ; sr74hc595:pitchsr4|inputsr[4]  ; sr74hc595:pitchsr4|storagesr[4]  ; GPIO_0[0]    ; GPIO_0[1]   ; 0.000        ; -0.051     ; 0.572      ;
; 0.516  ; sr74hc595:pitchsr3|inputsr[1]  ; sr74hc595:pitchsr3|storagesr[1]  ; GPIO_0[0]    ; GPIO_0[1]   ; 0.000        ; -0.044     ; 0.624      ;
; 0.518  ; sr74hc595:pitchsr3|inputsr[0]  ; sr74hc595:pitchsr3|storagesr[0]  ; GPIO_0[0]    ; GPIO_0[1]   ; 0.000        ; -0.044     ; 0.626      ;
; 0.518  ; sr74hc595:pitchsr4|inputsr[1]  ; sr74hc595:pitchsr4|storagesr[1]  ; GPIO_0[0]    ; GPIO_0[1]   ; 0.000        ; -0.046     ; 0.624      ;
; 0.522  ; sr74hc595:pitchsr4|inputsr[0]  ; sr74hc595:pitchsr4|storagesr[0]  ; GPIO_0[0]    ; GPIO_0[1]   ; 0.000        ; -0.046     ; 0.628      ;
; 0.528  ; sr74hc595:pitchsr4|inputsr[5]  ; sr74hc595:pitchsr4|storagesr[5]  ; GPIO_0[0]    ; GPIO_0[1]   ; 0.000        ; -0.051     ; 0.629      ;
; 0.530  ; sr74hc595:pitchsr3|inputsr[4]  ; sr74hc595:pitchsr3|storagesr[4]  ; GPIO_0[0]    ; GPIO_0[1]   ; 0.000        ; -0.049     ; 0.633      ;
; 0.544  ; sr74hc595:pitchsr4|inputsr[3]  ; sr74hc595:pitchsr4|storagesr[3]  ; GPIO_0[0]    ; GPIO_0[1]   ; 0.000        ; -0.046     ; 0.650      ;
; 0.549  ; sr74hc595:pitchsr3|inputsr[5]  ; sr74hc595:pitchsr3|storagesr[5]  ; GPIO_0[0]    ; GPIO_0[1]   ; 0.000        ; -0.049     ; 0.652      ;
; 0.550  ; sr74hc595:pitchsr1|inputsr[6]  ; sr74hc595:pitchsr1|storagesr[6]  ; GPIO_0[0]    ; GPIO_0[1]   ; 0.000        ; -0.051     ; 0.651      ;
; 0.560  ; sr74hc595:pitchsr3|inputsr[7]  ; sr74hc595:pitchsr3|storagesr[7]  ; GPIO_0[0]    ; GPIO_0[1]   ; 0.000        ; -0.049     ; 0.663      ;
+--------+--------------------------------+----------------------------------+--------------+-------------+--------------+------------+------------+


+-----------------------------------------------------------------------------------------------------------------------------------------+
; Fast Model Hold: 'GPIO_0[12]'                                                                                                           ;
+-------+-----------------------------+-----------------------------+--------------+-------------+--------------+------------+------------+
; Slack ; From Node                   ; To Node                     ; Launch Clock ; Latch Clock ; Relationship ; Clock Skew ; Data Delay ;
+-------+-----------------------------+-----------------------------+--------------+-------------+--------------+------------+------------+
; 0.215 ; divcd4024:freqdiv1|count[0] ; divcd4024:freqdiv1|count[0] ; GPIO_0[12]   ; GPIO_0[12]  ; 0.000        ; 0.000      ; 0.367      ;
; 0.215 ; divcd4024:freqdiv2|count[0] ; divcd4024:freqdiv2|count[0] ; GPIO_0[12]   ; GPIO_0[12]  ; 0.000        ; 0.000      ; 0.367      ;
; 0.215 ; divcd4024:freqdiv3|count[0] ; divcd4024:freqdiv3|count[0] ; GPIO_0[12]   ; GPIO_0[12]  ; 0.000        ; 0.000      ; 0.367      ;
; 0.215 ; divcd4024:freqdiv4|count[0] ; divcd4024:freqdiv4|count[0] ; GPIO_0[12]   ; GPIO_0[12]  ; 0.000        ; 0.000      ; 0.367      ;
; 0.215 ; divcd4024:freqdiv5|count[0] ; divcd4024:freqdiv5|count[0] ; GPIO_0[12]   ; GPIO_0[12]  ; 0.000        ; 0.000      ; 0.367      ;
; 0.215 ; divcd4024:freqdiv6|count[0] ; divcd4024:freqdiv6|count[0] ; GPIO_0[12]   ; GPIO_0[12]  ; 0.000        ; 0.000      ; 0.367      ;
; 0.215 ; divcd4024:freqdiv7|count[0] ; divcd4024:freqdiv7|count[0] ; GPIO_0[12]   ; GPIO_0[12]  ; 0.000        ; 0.000      ; 0.367      ;
; 0.215 ; divcd4024:freqdiv8|count[0] ; divcd4024:freqdiv8|count[0] ; GPIO_0[12]   ; GPIO_0[12]  ; 0.000        ; 0.000      ; 0.367      ;
; 0.242 ; divcd4024:freqdiv3|count[6] ; divcd4024:freqdiv3|count[6] ; GPIO_0[12]   ; GPIO_0[12]  ; 0.000        ; 0.000      ; 0.394      ;
; 0.243 ; divcd4024:freqdiv7|count[6] ; divcd4024:freqdiv7|count[6] ; GPIO_0[12]   ; GPIO_0[12]  ; 0.000        ; 0.000      ; 0.395      ;
; 0.244 ; divcd4024:freqdiv1|count[6] ; divcd4024:freqdiv1|count[6] ; GPIO_0[12]   ; GPIO_0[12]  ; 0.000        ; 0.000      ; 0.396      ;
; 0.245 ; divcd4024:freqdiv2|count[6] ; divcd4024:freqdiv2|count[6] ; GPIO_0[12]   ; GPIO_0[12]  ; 0.000        ; 0.000      ; 0.397      ;
; 0.245 ; divcd4024:freqdiv5|count[6] ; divcd4024:freqdiv5|count[6] ; GPIO_0[12]   ; GPIO_0[12]  ; 0.000        ; 0.000      ; 0.397      ;
; 0.245 ; divcd4024:freqdiv6|count[6] ; divcd4024:freqdiv6|count[6] ; GPIO_0[12]   ; GPIO_0[12]  ; 0.000        ; 0.000      ; 0.397      ;
; 0.357 ; divcd4024:freqdiv2|count[2] ; divcd4024:freqdiv2|count[2] ; GPIO_0[12]   ; GPIO_0[12]  ; 0.000        ; 0.000      ; 0.509      ;
; 0.357 ; divcd4024:freqdiv7|count[2] ; divcd4024:freqdiv7|count[2] ; GPIO_0[12]   ; GPIO_0[12]  ; 0.000        ; 0.000      ; 0.509      ;
; 0.358 ; divcd4024:freqdiv1|count[2] ; divcd4024:freqdiv1|count[2] ; GPIO_0[12]   ; GPIO_0[12]  ; 0.000        ; 0.000      ; 0.510      ;
; 0.358 ; divcd4024:freqdiv7|count[1] ; divcd4024:freqdiv7|count[1] ; GPIO_0[12]   ; GPIO_0[12]  ; 0.000        ; 0.000      ; 0.510      ;
; 0.359 ; divcd4024:freqdiv4|count[5] ; divcd4024:freqdiv4|count[5] ; GPIO_0[12]   ; GPIO_0[12]  ; 0.000        ; 0.000      ; 0.511      ;
; 0.360 ; divcd4024:freqdiv2|count[1] ; divcd4024:freqdiv2|count[1] ; GPIO_0[12]   ; GPIO_0[12]  ; 0.000        ; 0.000      ; 0.512      ;
; 0.361 ; divcd4024:freqdiv1|count[0] ; divcd4024:freqdiv1|count[1] ; GPIO_0[12]   ; GPIO_0[12]  ; 0.000        ; 0.000      ; 0.513      ;
; 0.361 ; divcd4024:freqdiv3|count[4] ; divcd4024:freqdiv3|count[4] ; GPIO_0[12]   ; GPIO_0[12]  ; 0.000        ; 0.000      ; 0.513      ;
; 0.362 ; divcd4024:freqdiv1|count[4] ; divcd4024:freqdiv1|count[4] ; GPIO_0[12]   ; GPIO_0[12]  ; 0.000        ; 0.000      ; 0.514      ;
; 0.362 ; divcd4024:freqdiv2|count[3] ; divcd4024:freqdiv2|count[3] ; GPIO_0[12]   ; GPIO_0[12]  ; 0.000        ; 0.000      ; 0.514      ;
; 0.362 ; divcd4024:freqdiv5|count[3] ; divcd4024:freqdiv5|count[3] ; GPIO_0[12]   ; GPIO_0[12]  ; 0.000        ; 0.000      ; 0.514      ;
; 0.362 ; divcd4024:freqdiv6|count[2] ; divcd4024:freqdiv6|count[2] ; GPIO_0[12]   ; GPIO_0[12]  ; 0.000        ; 0.000      ; 0.514      ;
; 0.362 ; divcd4024:freqdiv6|count[4] ; divcd4024:freqdiv6|count[4] ; GPIO_0[12]   ; GPIO_0[12]  ; 0.000        ; 0.000      ; 0.514      ;
; 0.362 ; divcd4024:freqdiv7|count[3] ; divcd4024:freqdiv7|count[3] ; GPIO_0[12]   ; GPIO_0[12]  ; 0.000        ; 0.000      ; 0.514      ;
; 0.363 ; divcd4024:freqdiv2|count[5] ; divcd4024:freqdiv2|count[5] ; GPIO_0[12]   ; GPIO_0[12]  ; 0.000        ; 0.000      ; 0.515      ;
; 0.363 ; divcd4024:freqdiv3|count[1] ; divcd4024:freqdiv3|count[1] ; GPIO_0[12]   ; GPIO_0[12]  ; 0.000        ; 0.000      ; 0.515      ;
; 0.363 ; divcd4024:freqdiv5|count[5] ; divcd4024:freqdiv5|count[5] ; GPIO_0[12]   ; GPIO_0[12]  ; 0.000        ; 0.000      ; 0.515      ;
; 0.363 ; divcd4024:freqdiv7|count[5] ; divcd4024:freqdiv7|count[5] ; GPIO_0[12]   ; GPIO_0[12]  ; 0.000        ; 0.000      ; 0.515      ;
; 0.363 ; divcd4024:freqdiv8|count[6] ; divcd4024:freqdiv8|count[6] ; GPIO_0[12]   ; GPIO_0[12]  ; 0.000        ; 0.000      ; 0.515      ;
; 0.364 ; divcd4024:freqdiv8|count[3] ; divcd4024:freqdiv8|count[3] ; GPIO_0[12]   ; GPIO_0[12]  ; 0.000        ; 0.000      ; 0.516      ;
; 0.365 ; divcd4024:freqdiv4|count[0] ; divcd4024:freqdiv4|count[1] ; GPIO_0[12]   ; GPIO_0[12]  ; 0.000        ; 0.000      ; 0.517      ;
; 0.365 ; divcd4024:freqdiv4|count[3] ; divcd4024:freqdiv4|count[3] ; GPIO_0[12]   ; GPIO_0[12]  ; 0.000        ; 0.000      ; 0.517      ;
; 0.365 ; divcd4024:freqdiv5|count[1] ; divcd4024:freqdiv5|count[1] ; GPIO_0[12]   ; GPIO_0[12]  ; 0.000        ; 0.000      ; 0.517      ;
; 0.366 ; divcd4024:freqdiv8|count[1] ; divcd4024:freqdiv8|count[1] ; GPIO_0[12]   ; GPIO_0[12]  ; 0.000        ; 0.000      ; 0.518      ;
; 0.367 ; divcd4024:freqdiv6|count[0] ; divcd4024:freqdiv6|count[1] ; GPIO_0[12]   ; GPIO_0[12]  ; 0.000        ; 0.000      ; 0.519      ;
; 0.369 ; divcd4024:freqdiv3|count[2] ; divcd4024:freqdiv3|count[2] ; GPIO_0[12]   ; GPIO_0[12]  ; 0.000        ; 0.000      ; 0.521      ;
; 0.369 ; divcd4024:freqdiv3|count[3] ; divcd4024:freqdiv3|count[3] ; GPIO_0[12]   ; GPIO_0[12]  ; 0.000        ; 0.000      ; 0.521      ;
; 0.369 ; divcd4024:freqdiv8|count[5] ; divcd4024:freqdiv8|count[5] ; GPIO_0[12]   ; GPIO_0[12]  ; 0.000        ; 0.000      ; 0.521      ;
; 0.369 ; divcd4024:freqdiv1|count[1] ; divcd4024:freqdiv1|count[1] ; GPIO_0[12]   ; GPIO_0[12]  ; 0.000        ; 0.000      ; 0.521      ;
; 0.370 ; divcd4024:freqdiv7|count[0] ; divcd4024:freqdiv7|count[1] ; GPIO_0[12]   ; GPIO_0[12]  ; 0.000        ; 0.000      ; 0.522      ;
; 0.371 ; divcd4024:freqdiv7|count[4] ; divcd4024:freqdiv7|count[4] ; GPIO_0[12]   ; GPIO_0[12]  ; 0.000        ; 0.000      ; 0.523      ;
; 0.371 ; divcd4024:freqdiv4|count[1] ; divcd4024:freqdiv4|count[1] ; GPIO_0[12]   ; GPIO_0[12]  ; 0.000        ; 0.000      ; 0.523      ;
; 0.372 ; divcd4024:freqdiv1|count[3] ; divcd4024:freqdiv1|count[3] ; GPIO_0[12]   ; GPIO_0[12]  ; 0.000        ; 0.000      ; 0.524      ;
; 0.372 ; divcd4024:freqdiv4|count[2] ; divcd4024:freqdiv4|count[2] ; GPIO_0[12]   ; GPIO_0[12]  ; 0.000        ; 0.000      ; 0.524      ;
; 0.373 ; divcd4024:freqdiv1|count[5] ; divcd4024:freqdiv1|count[5] ; GPIO_0[12]   ; GPIO_0[12]  ; 0.000        ; 0.000      ; 0.525      ;
; 0.373 ; divcd4024:freqdiv3|count[5] ; divcd4024:freqdiv3|count[5] ; GPIO_0[12]   ; GPIO_0[12]  ; 0.000        ; 0.000      ; 0.525      ;
; 0.373 ; divcd4024:freqdiv4|count[4] ; divcd4024:freqdiv4|count[4] ; GPIO_0[12]   ; GPIO_0[12]  ; 0.000        ; 0.000      ; 0.525      ;
; 0.374 ; divcd4024:freqdiv2|count[4] ; divcd4024:freqdiv2|count[4] ; GPIO_0[12]   ; GPIO_0[12]  ; 0.000        ; 0.000      ; 0.526      ;
; 0.374 ; divcd4024:freqdiv4|count[6] ; divcd4024:freqdiv4|count[6] ; GPIO_0[12]   ; GPIO_0[12]  ; 0.000        ; 0.000      ; 0.526      ;
; 0.374 ; divcd4024:freqdiv5|count[2] ; divcd4024:freqdiv5|count[2] ; GPIO_0[12]   ; GPIO_0[12]  ; 0.000        ; 0.000      ; 0.526      ;
; 0.374 ; divcd4024:freqdiv5|count[4] ; divcd4024:freqdiv5|count[4] ; GPIO_0[12]   ; GPIO_0[12]  ; 0.000        ; 0.000      ; 0.526      ;
; 0.374 ; divcd4024:freqdiv5|count[0] ; divcd4024:freqdiv5|count[1] ; GPIO_0[12]   ; GPIO_0[12]  ; 0.000        ; 0.000      ; 0.526      ;
; 0.375 ; divcd4024:freqdiv6|count[3] ; divcd4024:freqdiv6|count[3] ; GPIO_0[12]   ; GPIO_0[12]  ; 0.000        ; 0.000      ; 0.527      ;
; 0.375 ; divcd4024:freqdiv2|count[0] ; divcd4024:freqdiv2|count[1] ; GPIO_0[12]   ; GPIO_0[12]  ; 0.000        ; 0.000      ; 0.527      ;
; 0.375 ; divcd4024:freqdiv6|count[1] ; divcd4024:freqdiv6|count[1] ; GPIO_0[12]   ; GPIO_0[12]  ; 0.000        ; 0.000      ; 0.527      ;
; 0.376 ; divcd4024:freqdiv6|count[5] ; divcd4024:freqdiv6|count[5] ; GPIO_0[12]   ; GPIO_0[12]  ; 0.000        ; 0.000      ; 0.528      ;
; 0.377 ; divcd4024:freqdiv3|count[0] ; divcd4024:freqdiv3|count[1] ; GPIO_0[12]   ; GPIO_0[12]  ; 0.000        ; 0.000      ; 0.529      ;
; 0.443 ; divcd4024:freqdiv8|count[2] ; divcd4024:freqdiv8|count[2] ; GPIO_0[12]   ; GPIO_0[12]  ; 0.000        ; 0.000      ; 0.595      ;
; 0.444 ; divcd4024:freqdiv8|count[4] ; divcd4024:freqdiv8|count[4] ; GPIO_0[12]   ; GPIO_0[12]  ; 0.000        ; 0.000      ; 0.596      ;
; 0.445 ; divcd4024:freqdiv8|count[0] ; divcd4024:freqdiv8|count[1] ; GPIO_0[12]   ; GPIO_0[12]  ; 0.000        ; 0.000      ; 0.597      ;
; 0.493 ; divcd4024:freqdiv7|count[1] ; divcd4024:freqdiv7|count[2] ; GPIO_0[12]   ; GPIO_0[12]  ; 0.000        ; 0.000      ; 0.645      ;
; 0.495 ; divcd4024:freqdiv2|count[1] ; divcd4024:freqdiv2|count[2] ; GPIO_0[12]   ; GPIO_0[12]  ; 0.000        ; 0.000      ; 0.647      ;
; 0.495 ; divcd4024:freqdiv2|count[2] ; divcd4024:freqdiv2|count[3] ; GPIO_0[12]   ; GPIO_0[12]  ; 0.000        ; 0.000      ; 0.647      ;
; 0.495 ; divcd4024:freqdiv7|count[2] ; divcd4024:freqdiv7|count[3] ; GPIO_0[12]   ; GPIO_0[12]  ; 0.000        ; 0.000      ; 0.647      ;
; 0.496 ; divcd4024:freqdiv1|count[0] ; divcd4024:freqdiv1|count[2] ; GPIO_0[12]   ; GPIO_0[12]  ; 0.000        ; 0.000      ; 0.648      ;
; 0.497 ; divcd4024:freqdiv4|count[5] ; divcd4024:freqdiv4|count[6] ; GPIO_0[12]   ; GPIO_0[12]  ; 0.000        ; 0.000      ; 0.649      ;
; 0.498 ; divcd4024:freqdiv3|count[1] ; divcd4024:freqdiv3|count[2] ; GPIO_0[12]   ; GPIO_0[12]  ; 0.000        ; 0.000      ; 0.650      ;
; 0.500 ; divcd4024:freqdiv7|count[3] ; divcd4024:freqdiv7|count[4] ; GPIO_0[12]   ; GPIO_0[12]  ; 0.000        ; 0.000      ; 0.652      ;
; 0.500 ; divcd4024:freqdiv4|count[0] ; divcd4024:freqdiv4|count[2] ; GPIO_0[12]   ; GPIO_0[12]  ; 0.000        ; 0.000      ; 0.652      ;
; 0.500 ; divcd4024:freqdiv1|count[4] ; divcd4024:freqdiv1|count[5] ; GPIO_0[12]   ; GPIO_0[12]  ; 0.000        ; 0.000      ; 0.652      ;
; 0.500 ; divcd4024:freqdiv2|count[3] ; divcd4024:freqdiv2|count[4] ; GPIO_0[12]   ; GPIO_0[12]  ; 0.000        ; 0.000      ; 0.652      ;
; 0.500 ; divcd4024:freqdiv5|count[1] ; divcd4024:freqdiv5|count[2] ; GPIO_0[12]   ; GPIO_0[12]  ; 0.000        ; 0.000      ; 0.652      ;
; 0.500 ; divcd4024:freqdiv5|count[3] ; divcd4024:freqdiv5|count[4] ; GPIO_0[12]   ; GPIO_0[12]  ; 0.000        ; 0.000      ; 0.652      ;
; 0.500 ; divcd4024:freqdiv6|count[2] ; divcd4024:freqdiv6|count[3] ; GPIO_0[12]   ; GPIO_0[12]  ; 0.000        ; 0.000      ; 0.652      ;
; 0.500 ; divcd4024:freqdiv6|count[4] ; divcd4024:freqdiv6|count[5] ; GPIO_0[12]   ; GPIO_0[12]  ; 0.000        ; 0.000      ; 0.652      ;
; 0.501 ; divcd4024:freqdiv7|count[5] ; divcd4024:freqdiv7|count[6] ; GPIO_0[12]   ; GPIO_0[12]  ; 0.000        ; 0.000      ; 0.653      ;
; 0.501 ; divcd4024:freqdiv2|count[5] ; divcd4024:freqdiv2|count[6] ; GPIO_0[12]   ; GPIO_0[12]  ; 0.000        ; 0.000      ; 0.653      ;
; 0.501 ; divcd4024:freqdiv5|count[5] ; divcd4024:freqdiv5|count[6] ; GPIO_0[12]   ; GPIO_0[12]  ; 0.000        ; 0.000      ; 0.653      ;
; 0.501 ; divcd4024:freqdiv8|count[1] ; divcd4024:freqdiv8|count[2] ; GPIO_0[12]   ; GPIO_0[12]  ; 0.000        ; 0.000      ; 0.653      ;
; 0.502 ; divcd4024:freqdiv6|count[0] ; divcd4024:freqdiv6|count[2] ; GPIO_0[12]   ; GPIO_0[12]  ; 0.000        ; 0.000      ; 0.654      ;
; 0.502 ; divcd4024:freqdiv8|count[3] ; divcd4024:freqdiv8|count[4] ; GPIO_0[12]   ; GPIO_0[12]  ; 0.000        ; 0.000      ; 0.654      ;
; 0.509 ; divcd4024:freqdiv3|count[3] ; divcd4024:freqdiv3|count[4] ; GPIO_0[12]   ; GPIO_0[12]  ; 0.000        ; 0.000      ; 0.661      ;
; 0.509 ; divcd4024:freqdiv8|count[5] ; divcd4024:freqdiv8|count[6] ; GPIO_0[12]   ; GPIO_0[12]  ; 0.000        ; 0.000      ; 0.661      ;
; 0.509 ; divcd4024:freqdiv3|count[2] ; divcd4024:freqdiv3|count[3] ; GPIO_0[12]   ; GPIO_0[12]  ; 0.000        ; 0.000      ; 0.661      ;
; 0.509 ; divcd4024:freqdiv1|count[1] ; divcd4024:freqdiv1|count[2] ; GPIO_0[12]   ; GPIO_0[12]  ; 0.000        ; 0.000      ; 0.661      ;
; 0.510 ; divcd4024:freqdiv7|count[0] ; divcd4024:freqdiv7|count[2] ; GPIO_0[12]   ; GPIO_0[12]  ; 0.000        ; 0.000      ; 0.662      ;
; 0.511 ; divcd4024:freqdiv7|count[4] ; divcd4024:freqdiv7|count[5] ; GPIO_0[12]   ; GPIO_0[12]  ; 0.000        ; 0.000      ; 0.663      ;
; 0.511 ; divcd4024:freqdiv4|count[1] ; divcd4024:freqdiv4|count[2] ; GPIO_0[12]   ; GPIO_0[12]  ; 0.000        ; 0.000      ; 0.663      ;
; 0.512 ; divcd4024:freqdiv1|count[3] ; divcd4024:freqdiv1|count[4] ; GPIO_0[12]   ; GPIO_0[12]  ; 0.000        ; 0.000      ; 0.664      ;
; 0.512 ; divcd4024:freqdiv4|count[2] ; divcd4024:freqdiv4|count[3] ; GPIO_0[12]   ; GPIO_0[12]  ; 0.000        ; 0.000      ; 0.664      ;
; 0.513 ; divcd4024:freqdiv3|count[5] ; divcd4024:freqdiv3|count[6] ; GPIO_0[12]   ; GPIO_0[12]  ; 0.000        ; 0.000      ; 0.665      ;
; 0.513 ; divcd4024:freqdiv1|count[5] ; divcd4024:freqdiv1|count[6] ; GPIO_0[12]   ; GPIO_0[12]  ; 0.000        ; 0.000      ; 0.665      ;
; 0.513 ; divcd4024:freqdiv4|count[4] ; divcd4024:freqdiv4|count[5] ; GPIO_0[12]   ; GPIO_0[12]  ; 0.000        ; 0.000      ; 0.665      ;
; 0.514 ; divcd4024:freqdiv5|count[2] ; divcd4024:freqdiv5|count[3] ; GPIO_0[12]   ; GPIO_0[12]  ; 0.000        ; 0.000      ; 0.666      ;
; 0.514 ; divcd4024:freqdiv2|count[4] ; divcd4024:freqdiv2|count[5] ; GPIO_0[12]   ; GPIO_0[12]  ; 0.000        ; 0.000      ; 0.666      ;
; 0.514 ; divcd4024:freqdiv5|count[4] ; divcd4024:freqdiv5|count[5] ; GPIO_0[12]   ; GPIO_0[12]  ; 0.000        ; 0.000      ; 0.666      ;
+-------+-----------------------------+-----------------------------+--------------+-------------+--------------+------------+------------+


+-----------------------------------------------------------------------------------------------------------------------------------------------+
; Fast Model Hold: 'GPIO_0[0]'                                                                                                                  ;
+-------+--------------------------------+--------------------------------+--------------+-------------+--------------+------------+------------+
; Slack ; From Node                      ; To Node                        ; Launch Clock ; Latch Clock ; Relationship ; Clock Skew ; Data Delay ;
+-------+--------------------------------+--------------------------------+--------------+-------------+--------------+------------+------------+
; 0.378 ; sr74hc595:octavesr1|inputsr[6] ; sr74hc595:octavesr1|inputsr[7] ; GPIO_0[0]    ; GPIO_0[0]   ; 0.000        ; 0.209      ; 0.739      ;
; 0.397 ; sr74hc595:octavesr3|inputsr[7] ; sr74hc595:octavesr4|inputsr[0] ; GPIO_0[0]    ; GPIO_0[0]   ; 0.000        ; 0.075      ; 0.624      ;
; 0.403 ; sr74hc595:octavesr1|inputsr[0] ; sr74hc595:octavesr1|inputsr[1] ; GPIO_0[0]    ; GPIO_0[0]   ; 0.000        ; 0.000      ; 0.555      ;
; 0.405 ; sr74hc595:octavesr3|inputsr[0] ; sr74hc595:octavesr3|inputsr[1] ; GPIO_0[0]    ; GPIO_0[0]   ; 0.000        ; 0.000      ; 0.557      ;
; 0.406 ; sr74hc595:octavesr1|inputsr[4] ; sr74hc595:octavesr1|inputsr[5] ; GPIO_0[0]    ; GPIO_0[0]   ; 0.000        ; 0.000      ; 0.558      ;
; 0.406 ; sr74hc595:octavesr2|inputsr[1] ; sr74hc595:octavesr2|inputsr[2] ; GPIO_0[0]    ; GPIO_0[0]   ; 0.000        ; 0.000      ; 0.558      ;
; 0.408 ; sr74hc595:octavesr1|inputsr[3] ; sr74hc595:octavesr1|inputsr[4] ; GPIO_0[0]    ; GPIO_0[0]   ; 0.000        ; 0.000      ; 0.560      ;
; 0.408 ; sr74hc595:octavesr3|inputsr[4] ; sr74hc595:octavesr3|inputsr[5] ; GPIO_0[0]    ; GPIO_0[0]   ; 0.000        ; 0.000      ; 0.560      ;
; 0.408 ; sr74hc595:octavesr4|inputsr[0] ; sr74hc595:octavesr4|inputsr[1] ; GPIO_0[0]    ; GPIO_0[0]   ; 0.000        ; 0.000      ; 0.560      ;
; 0.409 ; sr74hc595:octavesr3|inputsr[3] ; sr74hc595:octavesr3|inputsr[4] ; GPIO_0[0]    ; GPIO_0[0]   ; 0.000        ; 0.000      ; 0.561      ;
; 0.409 ; sr74hc595:octavesr4|inputsr[4] ; sr74hc595:octavesr4|inputsr[5] ; GPIO_0[0]    ; GPIO_0[0]   ; 0.000        ; 0.000      ; 0.561      ;
; 0.412 ; sr74hc595:octavesr2|inputsr[2] ; sr74hc595:octavesr2|inputsr[3] ; GPIO_0[0]    ; GPIO_0[0]   ; 0.000        ; 0.000      ; 0.564      ;
; 0.412 ; sr74hc595:octavesr4|inputsr[3] ; sr74hc595:octavesr4|inputsr[4] ; GPIO_0[0]    ; GPIO_0[0]   ; 0.000        ; 0.000      ; 0.564      ;
; 0.413 ; sr74hc595:pitchsr3|inputsr[2]  ; sr74hc595:pitchsr3|inputsr[3]  ; GPIO_0[0]    ; GPIO_0[0]   ; 0.000        ; 0.000      ; 0.565      ;
; 0.430 ; sr74hc595:octavesr2|inputsr[7] ; sr74hc595:octavesr3|inputsr[0] ; GPIO_0[0]    ; GPIO_0[0]   ; 0.000        ; 0.058      ; 0.640      ;
; 0.470 ; sr74hc595:pitchsr3|inputsr[1]  ; sr74hc595:pitchsr3|inputsr[2]  ; GPIO_0[0]    ; GPIO_0[0]   ; 0.000        ; 0.000      ; 0.622      ;
; 0.471 ; sr74hc595:pitchsr3|inputsr[0]  ; sr74hc595:pitchsr3|inputsr[1]  ; GPIO_0[0]    ; GPIO_0[0]   ; 0.000        ; 0.000      ; 0.623      ;
; 0.473 ; sr74hc595:pitchsr4|inputsr[0]  ; sr74hc595:pitchsr4|inputsr[1]  ; GPIO_0[0]    ; GPIO_0[0]   ; 0.000        ; 0.000      ; 0.625      ;
; 0.476 ; sr74hc595:pitchsr4|inputsr[1]  ; sr74hc595:pitchsr4|inputsr[2]  ; GPIO_0[0]    ; GPIO_0[0]   ; 0.000        ; 0.000      ; 0.628      ;
; 0.480 ; sr74hc595:pitchsr1|inputsr[6]  ; sr74hc595:pitchsr1|inputsr[7]  ; GPIO_0[0]    ; GPIO_0[0]   ; 0.000        ; 0.104      ; 0.736      ;
; 0.481 ; sr74hc595:pitchsr4|inputsr[5]  ; sr74hc595:pitchsr4|inputsr[6]  ; GPIO_0[0]    ; GPIO_0[0]   ; 0.000        ; 0.000      ; 0.633      ;
; 0.482 ; sr74hc595:pitchsr3|inputsr[4]  ; sr74hc595:pitchsr3|inputsr[5]  ; GPIO_0[0]    ; GPIO_0[0]   ; 0.000        ; 0.000      ; 0.634      ;
; 0.490 ; sr74hc595:octavesr1|inputsr[1] ; sr74hc595:octavesr1|inputsr[2] ; GPIO_0[0]    ; GPIO_0[0]   ; 0.000        ; 0.000      ; 0.642      ;
; 0.490 ; sr74hc595:octavesr3|inputsr[2] ; sr74hc595:octavesr3|inputsr[3] ; GPIO_0[0]    ; GPIO_0[0]   ; 0.000        ; 0.000      ; 0.642      ;
; 0.491 ; sr74hc595:octavesr1|inputsr[2] ; sr74hc595:octavesr1|inputsr[3] ; GPIO_0[0]    ; GPIO_0[0]   ; 0.000        ; 0.000      ; 0.643      ;
; 0.491 ; sr74hc595:octavesr4|inputsr[1] ; sr74hc595:octavesr4|inputsr[2] ; GPIO_0[0]    ; GPIO_0[0]   ; 0.000        ; 0.000      ; 0.643      ;
; 0.492 ; sr74hc595:octavesr2|inputsr[0] ; sr74hc595:octavesr2|inputsr[1] ; GPIO_0[0]    ; GPIO_0[0]   ; 0.000        ; 0.000      ; 0.644      ;
; 0.492 ; sr74hc595:octavesr4|inputsr[2] ; sr74hc595:octavesr4|inputsr[3] ; GPIO_0[0]    ; GPIO_0[0]   ; 0.000        ; 0.000      ; 0.644      ;
; 0.492 ; sr74hc595:octavesr4|inputsr[6] ; sr74hc595:octavesr4|inputsr[7] ; GPIO_0[0]    ; GPIO_0[0]   ; 0.000        ; 0.000      ; 0.644      ;
; 0.494 ; sr74hc595:pitchsr4|inputsr[6]  ; sr74hc595:pitchsr4|inputsr[7]  ; GPIO_0[0]    ; GPIO_0[0]   ; 0.000        ; 0.074      ; 0.720      ;
; 0.494 ; sr74hc595:octavesr2|inputsr[5] ; sr74hc595:octavesr2|inputsr[6] ; GPIO_0[0]    ; GPIO_0[0]   ; 0.000        ; 0.000      ; 0.646      ;
; 0.495 ; sr74hc595:octavesr1|inputsr[5] ; sr74hc595:octavesr1|inputsr[6] ; GPIO_0[0]    ; GPIO_0[0]   ; 0.000        ; 0.000      ; 0.647      ;
; 0.495 ; sr74hc595:octavesr3|inputsr[6] ; sr74hc595:octavesr3|inputsr[7] ; GPIO_0[0]    ; GPIO_0[0]   ; 0.000        ; 0.000      ; 0.647      ;
; 0.496 ; sr74hc595:octavesr3|inputsr[5] ; sr74hc595:octavesr3|inputsr[6] ; GPIO_0[0]    ; GPIO_0[0]   ; 0.000        ; 0.000      ; 0.648      ;
; 0.497 ; sr74hc595:pitchsr3|inputsr[5]  ; sr74hc595:pitchsr3|inputsr[6]  ; GPIO_0[0]    ; GPIO_0[0]   ; 0.000        ; 0.000      ; 0.649      ;
; 0.497 ; sr74hc595:octavesr2|inputsr[3] ; sr74hc595:octavesr2|inputsr[4] ; GPIO_0[0]    ; GPIO_0[0]   ; 0.000        ; 0.000      ; 0.649      ;
; 0.498 ; sr74hc595:octavesr1|inputsr[7] ; sr74hc595:octavesr2|inputsr[0] ; GPIO_0[0]    ; GPIO_0[0]   ; 0.000        ; 0.000      ; 0.650      ;
; 0.542 ; sr74hc595:pitchsr2|inputsr[6]  ; sr74hc595:pitchsr2|inputsr[7]  ; GPIO_0[0]    ; GPIO_0[0]   ; 0.000        ; 0.000      ; 0.694      ;
; 0.566 ; sr74hc595:pitchsr2|inputsr[1]  ; sr74hc595:pitchsr2|inputsr[2]  ; GPIO_0[0]    ; GPIO_0[0]   ; 0.000        ; 0.000      ; 0.718      ;
; 0.566 ; sr74hc595:pitchsr4|inputsr[2]  ; sr74hc595:pitchsr4|inputsr[3]  ; GPIO_0[0]    ; GPIO_0[0]   ; 0.000        ; 0.000      ; 0.718      ;
; 0.572 ; sr74hc595:pitchsr2|inputsr[2]  ; sr74hc595:pitchsr2|inputsr[3]  ; GPIO_0[0]    ; GPIO_0[0]   ; 0.000        ; 0.000      ; 0.724      ;
; 0.572 ; sr74hc595:octavesr2|inputsr[6] ; sr74hc595:octavesr2|inputsr[7] ; GPIO_0[0]    ; GPIO_0[0]   ; 0.000        ; 0.000      ; 0.724      ;
; 0.573 ; sr74hc595:octavesr3|inputsr[1] ; sr74hc595:octavesr3|inputsr[2] ; GPIO_0[0]    ; GPIO_0[0]   ; 0.000        ; 0.000      ; 0.725      ;
; 0.574 ; sr74hc595:pitchsr1|inputsr[1]  ; sr74hc595:pitchsr1|inputsr[2]  ; GPIO_0[0]    ; GPIO_0[0]   ; 0.000        ; 0.000      ; 0.726      ;
; 0.574 ; sr74hc595:octavesr2|inputsr[4] ; sr74hc595:octavesr2|inputsr[5] ; GPIO_0[0]    ; GPIO_0[0]   ; 0.000        ; 0.000      ; 0.726      ;
; 0.574 ; sr74hc595:octavesr4|inputsr[5] ; sr74hc595:octavesr4|inputsr[6] ; GPIO_0[0]    ; GPIO_0[0]   ; 0.000        ; 0.000      ; 0.726      ;
; 0.575 ; sr74hc595:pitchsr1|inputsr[4]  ; sr74hc595:pitchsr1|inputsr[5]  ; GPIO_0[0]    ; GPIO_0[0]   ; 0.000        ; 0.000      ; 0.727      ;
; 0.575 ; sr74hc595:pitchsr2|inputsr[0]  ; sr74hc595:pitchsr2|inputsr[1]  ; GPIO_0[0]    ; GPIO_0[0]   ; 0.000        ; 0.000      ; 0.727      ;
; 0.576 ; sr74hc595:pitchsr2|inputsr[5]  ; sr74hc595:pitchsr2|inputsr[6]  ; GPIO_0[0]    ; GPIO_0[0]   ; 0.000        ; 0.000      ; 0.728      ;
; 0.578 ; sr74hc595:pitchsr4|inputsr[4]  ; sr74hc595:pitchsr4|inputsr[5]  ; GPIO_0[0]    ; GPIO_0[0]   ; 0.000        ; 0.000      ; 0.730      ;
; 0.644 ; sr74hc595:pitchsr3|inputsr[6]  ; sr74hc595:pitchsr3|inputsr[7]  ; GPIO_0[0]    ; GPIO_0[0]   ; 0.000        ; 0.000      ; 0.796      ;
; 0.669 ; sr74hc595:pitchsr1|inputsr[3]  ; sr74hc595:pitchsr1|inputsr[4]  ; GPIO_0[0]    ; GPIO_0[0]   ; 0.000        ; 0.000      ; 0.821      ;
; 0.673 ; sr74hc595:pitchsr2|inputsr[7]  ; sr74hc595:pitchsr3|inputsr[0]  ; GPIO_0[0]    ; GPIO_0[0]   ; 0.000        ; 0.142      ; 0.967      ;
; 0.676 ; sr74hc595:pitchsr1|inputsr[0]  ; sr74hc595:pitchsr1|inputsr[1]  ; GPIO_0[0]    ; GPIO_0[0]   ; 0.000        ; 0.000      ; 0.828      ;
; 0.677 ; sr74hc595:pitchsr2|inputsr[3]  ; sr74hc595:pitchsr2|inputsr[4]  ; GPIO_0[0]    ; GPIO_0[0]   ; 0.000        ; 0.000      ; 0.829      ;
; 0.702 ; sr74hc595:pitchsr2|inputsr[4]  ; sr74hc595:pitchsr2|inputsr[5]  ; GPIO_0[0]    ; GPIO_0[0]   ; 0.000        ; -0.109     ; 0.745      ;
; 0.752 ; sr74hc595:pitchsr4|inputsr[3]  ; sr74hc595:pitchsr4|inputsr[4]  ; GPIO_0[0]    ; GPIO_0[0]   ; 0.000        ; 0.162      ; 1.066      ;
; 0.765 ; sr74hc595:pitchsr1|inputsr[2]  ; sr74hc595:pitchsr1|inputsr[3]  ; GPIO_0[0]    ; GPIO_0[0]   ; 0.000        ; 0.000      ; 0.917      ;
; 0.813 ; sr74hc595:pitchsr1|inputsr[7]  ; sr74hc595:pitchsr2|inputsr[0]  ; GPIO_0[0]    ; GPIO_0[0]   ; 0.000        ; -0.077     ; 0.888      ;
; 0.951 ; sr74hc595:pitchsr3|inputsr[3]  ; sr74hc595:pitchsr3|inputsr[4]  ; GPIO_0[0]    ; GPIO_0[0]   ; 0.000        ; -0.223     ; 0.880      ;
; 0.952 ; sr74hc595:pitchsr1|inputsr[5]  ; sr74hc595:pitchsr1|inputsr[6]  ; GPIO_0[0]    ; GPIO_0[0]   ; 0.000        ; -0.104     ; 1.000      ;
; 0.960 ; sr74hc595:pitchsr3|inputsr[7]  ; sr74hc595:pitchsr4|inputsr[0]  ; GPIO_0[0]    ; GPIO_0[0]   ; 0.000        ; 0.002      ; 1.114      ;
+-------+--------------------------------+--------------------------------+--------------+-------------+--------------+------------+------------+


+---------------------------------------------------------------------------------------------------------------------+
; Fast Model Minimum Pulse Width: 'GPIO_0[0]'                                                                         ;
+--------+--------------+----------------+------------------+-----------+------------+--------------------------------+
; Slack  ; Actual Width ; Required Width ; Type             ; Clock     ; Clock Edge ; Target                         ;
+--------+--------------+----------------+------------------+-----------+------------+--------------------------------+
; -1.777 ; 1.000        ; 2.777          ; Port Rate        ; GPIO_0[0] ; Rise       ; GPIO_0[0]                      ;
; -0.500 ; 0.500        ; 1.000          ; High Pulse Width ; GPIO_0[0] ; Rise       ; sr74hc595:octavesr1|inputsr[0] ;
; -0.500 ; 0.500        ; 1.000          ; Low Pulse Width  ; GPIO_0[0] ; Rise       ; sr74hc595:octavesr1|inputsr[0] ;
; -0.500 ; 0.500        ; 1.000          ; High Pulse Width ; GPIO_0[0] ; Rise       ; sr74hc595:octavesr1|inputsr[1] ;
; -0.500 ; 0.500        ; 1.000          ; Low Pulse Width  ; GPIO_0[0] ; Rise       ; sr74hc595:octavesr1|inputsr[1] ;
; -0.500 ; 0.500        ; 1.000          ; High Pulse Width ; GPIO_0[0] ; Rise       ; sr74hc595:octavesr1|inputsr[2] ;
; -0.500 ; 0.500        ; 1.000          ; Low Pulse Width  ; GPIO_0[0] ; Rise       ; sr74hc595:octavesr1|inputsr[2] ;
; -0.500 ; 0.500        ; 1.000          ; High Pulse Width ; GPIO_0[0] ; Rise       ; sr74hc595:octavesr1|inputsr[3] ;
; -0.500 ; 0.500        ; 1.000          ; Low Pulse Width  ; GPIO_0[0] ; Rise       ; sr74hc595:octavesr1|inputsr[3] ;
; -0.500 ; 0.500        ; 1.000          ; High Pulse Width ; GPIO_0[0] ; Rise       ; sr74hc595:octavesr1|inputsr[4] ;
; -0.500 ; 0.500        ; 1.000          ; Low Pulse Width  ; GPIO_0[0] ; Rise       ; sr74hc595:octavesr1|inputsr[4] ;
; -0.500 ; 0.500        ; 1.000          ; High Pulse Width ; GPIO_0[0] ; Rise       ; sr74hc595:octavesr1|inputsr[5] ;
; -0.500 ; 0.500        ; 1.000          ; Low Pulse Width  ; GPIO_0[0] ; Rise       ; sr74hc595:octavesr1|inputsr[5] ;
; -0.500 ; 0.500        ; 1.000          ; High Pulse Width ; GPIO_0[0] ; Rise       ; sr74hc595:octavesr1|inputsr[6] ;
; -0.500 ; 0.500        ; 1.000          ; Low Pulse Width  ; GPIO_0[0] ; Rise       ; sr74hc595:octavesr1|inputsr[6] ;
; -0.500 ; 0.500        ; 1.000          ; High Pulse Width ; GPIO_0[0] ; Rise       ; sr74hc595:octavesr1|inputsr[7] ;
; -0.500 ; 0.500        ; 1.000          ; Low Pulse Width  ; GPIO_0[0] ; Rise       ; sr74hc595:octavesr1|inputsr[7] ;
; -0.500 ; 0.500        ; 1.000          ; High Pulse Width ; GPIO_0[0] ; Rise       ; sr74hc595:octavesr2|inputsr[0] ;
; -0.500 ; 0.500        ; 1.000          ; Low Pulse Width  ; GPIO_0[0] ; Rise       ; sr74hc595:octavesr2|inputsr[0] ;
; -0.500 ; 0.500        ; 1.000          ; High Pulse Width ; GPIO_0[0] ; Rise       ; sr74hc595:octavesr2|inputsr[1] ;
; -0.500 ; 0.500        ; 1.000          ; Low Pulse Width  ; GPIO_0[0] ; Rise       ; sr74hc595:octavesr2|inputsr[1] ;
; -0.500 ; 0.500        ; 1.000          ; High Pulse Width ; GPIO_0[0] ; Rise       ; sr74hc595:octavesr2|inputsr[2] ;
; -0.500 ; 0.500        ; 1.000          ; Low Pulse Width  ; GPIO_0[0] ; Rise       ; sr74hc595:octavesr2|inputsr[2] ;
; -0.500 ; 0.500        ; 1.000          ; High Pulse Width ; GPIO_0[0] ; Rise       ; sr74hc595:octavesr2|inputsr[3] ;
; -0.500 ; 0.500        ; 1.000          ; Low Pulse Width  ; GPIO_0[0] ; Rise       ; sr74hc595:octavesr2|inputsr[3] ;
; -0.500 ; 0.500        ; 1.000          ; High Pulse Width ; GPIO_0[0] ; Rise       ; sr74hc595:octavesr2|inputsr[4] ;
; -0.500 ; 0.500        ; 1.000          ; Low Pulse Width  ; GPIO_0[0] ; Rise       ; sr74hc595:octavesr2|inputsr[4] ;
; -0.500 ; 0.500        ; 1.000          ; High Pulse Width ; GPIO_0[0] ; Rise       ; sr74hc595:octavesr2|inputsr[5] ;
; -0.500 ; 0.500        ; 1.000          ; Low Pulse Width  ; GPIO_0[0] ; Rise       ; sr74hc595:octavesr2|inputsr[5] ;
; -0.500 ; 0.500        ; 1.000          ; High Pulse Width ; GPIO_0[0] ; Rise       ; sr74hc595:octavesr2|inputsr[6] ;
; -0.500 ; 0.500        ; 1.000          ; Low Pulse Width  ; GPIO_0[0] ; Rise       ; sr74hc595:octavesr2|inputsr[6] ;
; -0.500 ; 0.500        ; 1.000          ; High Pulse Width ; GPIO_0[0] ; Rise       ; sr74hc595:octavesr2|inputsr[7] ;
; -0.500 ; 0.500        ; 1.000          ; Low Pulse Width  ; GPIO_0[0] ; Rise       ; sr74hc595:octavesr2|inputsr[7] ;
; -0.500 ; 0.500        ; 1.000          ; High Pulse Width ; GPIO_0[0] ; Rise       ; sr74hc595:octavesr3|inputsr[0] ;
; -0.500 ; 0.500        ; 1.000          ; Low Pulse Width  ; GPIO_0[0] ; Rise       ; sr74hc595:octavesr3|inputsr[0] ;
; -0.500 ; 0.500        ; 1.000          ; High Pulse Width ; GPIO_0[0] ; Rise       ; sr74hc595:octavesr3|inputsr[1] ;
; -0.500 ; 0.500        ; 1.000          ; Low Pulse Width  ; GPIO_0[0] ; Rise       ; sr74hc595:octavesr3|inputsr[1] ;
; -0.500 ; 0.500        ; 1.000          ; High Pulse Width ; GPIO_0[0] ; Rise       ; sr74hc595:octavesr3|inputsr[2] ;
; -0.500 ; 0.500        ; 1.000          ; Low Pulse Width  ; GPIO_0[0] ; Rise       ; sr74hc595:octavesr3|inputsr[2] ;
; -0.500 ; 0.500        ; 1.000          ; High Pulse Width ; GPIO_0[0] ; Rise       ; sr74hc595:octavesr3|inputsr[3] ;
; -0.500 ; 0.500        ; 1.000          ; Low Pulse Width  ; GPIO_0[0] ; Rise       ; sr74hc595:octavesr3|inputsr[3] ;
; -0.500 ; 0.500        ; 1.000          ; High Pulse Width ; GPIO_0[0] ; Rise       ; sr74hc595:octavesr3|inputsr[4] ;
; -0.500 ; 0.500        ; 1.000          ; Low Pulse Width  ; GPIO_0[0] ; Rise       ; sr74hc595:octavesr3|inputsr[4] ;
; -0.500 ; 0.500        ; 1.000          ; High Pulse Width ; GPIO_0[0] ; Rise       ; sr74hc595:octavesr3|inputsr[5] ;
; -0.500 ; 0.500        ; 1.000          ; Low Pulse Width  ; GPIO_0[0] ; Rise       ; sr74hc595:octavesr3|inputsr[5] ;
; -0.500 ; 0.500        ; 1.000          ; High Pulse Width ; GPIO_0[0] ; Rise       ; sr74hc595:octavesr3|inputsr[6] ;
; -0.500 ; 0.500        ; 1.000          ; Low Pulse Width  ; GPIO_0[0] ; Rise       ; sr74hc595:octavesr3|inputsr[6] ;
; -0.500 ; 0.500        ; 1.000          ; High Pulse Width ; GPIO_0[0] ; Rise       ; sr74hc595:octavesr3|inputsr[7] ;
; -0.500 ; 0.500        ; 1.000          ; Low Pulse Width  ; GPIO_0[0] ; Rise       ; sr74hc595:octavesr3|inputsr[7] ;
; -0.500 ; 0.500        ; 1.000          ; High Pulse Width ; GPIO_0[0] ; Rise       ; sr74hc595:octavesr4|inputsr[0] ;
; -0.500 ; 0.500        ; 1.000          ; Low Pulse Width  ; GPIO_0[0] ; Rise       ; sr74hc595:octavesr4|inputsr[0] ;
; -0.500 ; 0.500        ; 1.000          ; High Pulse Width ; GPIO_0[0] ; Rise       ; sr74hc595:octavesr4|inputsr[1] ;
; -0.500 ; 0.500        ; 1.000          ; Low Pulse Width  ; GPIO_0[0] ; Rise       ; sr74hc595:octavesr4|inputsr[1] ;
; -0.500 ; 0.500        ; 1.000          ; High Pulse Width ; GPIO_0[0] ; Rise       ; sr74hc595:octavesr4|inputsr[2] ;
; -0.500 ; 0.500        ; 1.000          ; Low Pulse Width  ; GPIO_0[0] ; Rise       ; sr74hc595:octavesr4|inputsr[2] ;
; -0.500 ; 0.500        ; 1.000          ; High Pulse Width ; GPIO_0[0] ; Rise       ; sr74hc595:octavesr4|inputsr[3] ;
; -0.500 ; 0.500        ; 1.000          ; Low Pulse Width  ; GPIO_0[0] ; Rise       ; sr74hc595:octavesr4|inputsr[3] ;
; -0.500 ; 0.500        ; 1.000          ; High Pulse Width ; GPIO_0[0] ; Rise       ; sr74hc595:octavesr4|inputsr[4] ;
; -0.500 ; 0.500        ; 1.000          ; Low Pulse Width  ; GPIO_0[0] ; Rise       ; sr74hc595:octavesr4|inputsr[4] ;
; -0.500 ; 0.500        ; 1.000          ; High Pulse Width ; GPIO_0[0] ; Rise       ; sr74hc595:octavesr4|inputsr[5] ;
; -0.500 ; 0.500        ; 1.000          ; Low Pulse Width  ; GPIO_0[0] ; Rise       ; sr74hc595:octavesr4|inputsr[5] ;
; -0.500 ; 0.500        ; 1.000          ; High Pulse Width ; GPIO_0[0] ; Rise       ; sr74hc595:octavesr4|inputsr[6] ;
; -0.500 ; 0.500        ; 1.000          ; Low Pulse Width  ; GPIO_0[0] ; Rise       ; sr74hc595:octavesr4|inputsr[6] ;
; -0.500 ; 0.500        ; 1.000          ; High Pulse Width ; GPIO_0[0] ; Rise       ; sr74hc595:octavesr4|inputsr[7] ;
; -0.500 ; 0.500        ; 1.000          ; Low Pulse Width  ; GPIO_0[0] ; Rise       ; sr74hc595:octavesr4|inputsr[7] ;
; -0.500 ; 0.500        ; 1.000          ; High Pulse Width ; GPIO_0[0] ; Rise       ; sr74hc595:pitchsr1|inputsr[0]  ;
; -0.500 ; 0.500        ; 1.000          ; Low Pulse Width  ; GPIO_0[0] ; Rise       ; sr74hc595:pitchsr1|inputsr[0]  ;
; -0.500 ; 0.500        ; 1.000          ; High Pulse Width ; GPIO_0[0] ; Rise       ; sr74hc595:pitchsr1|inputsr[1]  ;
; -0.500 ; 0.500        ; 1.000          ; Low Pulse Width  ; GPIO_0[0] ; Rise       ; sr74hc595:pitchsr1|inputsr[1]  ;
; -0.500 ; 0.500        ; 1.000          ; High Pulse Width ; GPIO_0[0] ; Rise       ; sr74hc595:pitchsr1|inputsr[2]  ;
; -0.500 ; 0.500        ; 1.000          ; Low Pulse Width  ; GPIO_0[0] ; Rise       ; sr74hc595:pitchsr1|inputsr[2]  ;
; -0.500 ; 0.500        ; 1.000          ; High Pulse Width ; GPIO_0[0] ; Rise       ; sr74hc595:pitchsr1|inputsr[3]  ;
; -0.500 ; 0.500        ; 1.000          ; Low Pulse Width  ; GPIO_0[0] ; Rise       ; sr74hc595:pitchsr1|inputsr[3]  ;
; -0.500 ; 0.500        ; 1.000          ; High Pulse Width ; GPIO_0[0] ; Rise       ; sr74hc595:pitchsr1|inputsr[4]  ;
; -0.500 ; 0.500        ; 1.000          ; Low Pulse Width  ; GPIO_0[0] ; Rise       ; sr74hc595:pitchsr1|inputsr[4]  ;
; -0.500 ; 0.500        ; 1.000          ; High Pulse Width ; GPIO_0[0] ; Rise       ; sr74hc595:pitchsr1|inputsr[5]  ;
; -0.500 ; 0.500        ; 1.000          ; Low Pulse Width  ; GPIO_0[0] ; Rise       ; sr74hc595:pitchsr1|inputsr[5]  ;
; -0.500 ; 0.500        ; 1.000          ; High Pulse Width ; GPIO_0[0] ; Rise       ; sr74hc595:pitchsr1|inputsr[6]  ;
; -0.500 ; 0.500        ; 1.000          ; Low Pulse Width  ; GPIO_0[0] ; Rise       ; sr74hc595:pitchsr1|inputsr[6]  ;
; -0.500 ; 0.500        ; 1.000          ; High Pulse Width ; GPIO_0[0] ; Rise       ; sr74hc595:pitchsr1|inputsr[7]  ;
; -0.500 ; 0.500        ; 1.000          ; Low Pulse Width  ; GPIO_0[0] ; Rise       ; sr74hc595:pitchsr1|inputsr[7]  ;
; -0.500 ; 0.500        ; 1.000          ; High Pulse Width ; GPIO_0[0] ; Rise       ; sr74hc595:pitchsr2|inputsr[0]  ;
; -0.500 ; 0.500        ; 1.000          ; Low Pulse Width  ; GPIO_0[0] ; Rise       ; sr74hc595:pitchsr2|inputsr[0]  ;
; -0.500 ; 0.500        ; 1.000          ; High Pulse Width ; GPIO_0[0] ; Rise       ; sr74hc595:pitchsr2|inputsr[1]  ;
; -0.500 ; 0.500        ; 1.000          ; Low Pulse Width  ; GPIO_0[0] ; Rise       ; sr74hc595:pitchsr2|inputsr[1]  ;
; -0.500 ; 0.500        ; 1.000          ; High Pulse Width ; GPIO_0[0] ; Rise       ; sr74hc595:pitchsr2|inputsr[2]  ;
; -0.500 ; 0.500        ; 1.000          ; Low Pulse Width  ; GPIO_0[0] ; Rise       ; sr74hc595:pitchsr2|inputsr[2]  ;
; -0.500 ; 0.500        ; 1.000          ; High Pulse Width ; GPIO_0[0] ; Rise       ; sr74hc595:pitchsr2|inputsr[3]  ;
; -0.500 ; 0.500        ; 1.000          ; Low Pulse Width  ; GPIO_0[0] ; Rise       ; sr74hc595:pitchsr2|inputsr[3]  ;
; -0.500 ; 0.500        ; 1.000          ; High Pulse Width ; GPIO_0[0] ; Rise       ; sr74hc595:pitchsr2|inputsr[4]  ;
; -0.500 ; 0.500        ; 1.000          ; Low Pulse Width  ; GPIO_0[0] ; Rise       ; sr74hc595:pitchsr2|inputsr[4]  ;
; -0.500 ; 0.500        ; 1.000          ; High Pulse Width ; GPIO_0[0] ; Rise       ; sr74hc595:pitchsr2|inputsr[5]  ;
; -0.500 ; 0.500        ; 1.000          ; Low Pulse Width  ; GPIO_0[0] ; Rise       ; sr74hc595:pitchsr2|inputsr[5]  ;
; -0.500 ; 0.500        ; 1.000          ; High Pulse Width ; GPIO_0[0] ; Rise       ; sr74hc595:pitchsr2|inputsr[6]  ;
; -0.500 ; 0.500        ; 1.000          ; Low Pulse Width  ; GPIO_0[0] ; Rise       ; sr74hc595:pitchsr2|inputsr[6]  ;
; -0.500 ; 0.500        ; 1.000          ; High Pulse Width ; GPIO_0[0] ; Rise       ; sr74hc595:pitchsr2|inputsr[7]  ;
; -0.500 ; 0.500        ; 1.000          ; Low Pulse Width  ; GPIO_0[0] ; Rise       ; sr74hc595:pitchsr2|inputsr[7]  ;
; -0.500 ; 0.500        ; 1.000          ; High Pulse Width ; GPIO_0[0] ; Rise       ; sr74hc595:pitchsr3|inputsr[0]  ;
; -0.500 ; 0.500        ; 1.000          ; Low Pulse Width  ; GPIO_0[0] ; Rise       ; sr74hc595:pitchsr3|inputsr[0]  ;
; -0.500 ; 0.500        ; 1.000          ; High Pulse Width ; GPIO_0[0] ; Rise       ; sr74hc595:pitchsr3|inputsr[1]  ;
+--------+--------------+----------------+------------------+-----------+------------+--------------------------------+


+-----------------------------------------------------------------------------------------------------------------------+
; Fast Model Minimum Pulse Width: 'GPIO_0[1]'                                                                           ;
+--------+--------------+----------------+------------------+-----------+------------+----------------------------------+
; Slack  ; Actual Width ; Required Width ; Type             ; Clock     ; Clock Edge ; Target                           ;
+--------+--------------+----------------+------------------+-----------+------------+----------------------------------+
; -1.777 ; 1.000        ; 2.777          ; Port Rate        ; GPIO_0[1] ; Rise       ; GPIO_0[1]                        ;
; -0.500 ; 0.500        ; 1.000          ; High Pulse Width ; GPIO_0[1] ; Rise       ; sr74hc595:octavesr1|storagesr[0] ;
; -0.500 ; 0.500        ; 1.000          ; Low Pulse Width  ; GPIO_0[1] ; Rise       ; sr74hc595:octavesr1|storagesr[0] ;
; -0.500 ; 0.500        ; 1.000          ; High Pulse Width ; GPIO_0[1] ; Rise       ; sr74hc595:octavesr1|storagesr[1] ;
; -0.500 ; 0.500        ; 1.000          ; Low Pulse Width  ; GPIO_0[1] ; Rise       ; sr74hc595:octavesr1|storagesr[1] ;
; -0.500 ; 0.500        ; 1.000          ; High Pulse Width ; GPIO_0[1] ; Rise       ; sr74hc595:octavesr1|storagesr[2] ;
; -0.500 ; 0.500        ; 1.000          ; Low Pulse Width  ; GPIO_0[1] ; Rise       ; sr74hc595:octavesr1|storagesr[2] ;
; -0.500 ; 0.500        ; 1.000          ; High Pulse Width ; GPIO_0[1] ; Rise       ; sr74hc595:octavesr1|storagesr[3] ;
; -0.500 ; 0.500        ; 1.000          ; Low Pulse Width  ; GPIO_0[1] ; Rise       ; sr74hc595:octavesr1|storagesr[3] ;
; -0.500 ; 0.500        ; 1.000          ; High Pulse Width ; GPIO_0[1] ; Rise       ; sr74hc595:octavesr1|storagesr[4] ;
; -0.500 ; 0.500        ; 1.000          ; Low Pulse Width  ; GPIO_0[1] ; Rise       ; sr74hc595:octavesr1|storagesr[4] ;
; -0.500 ; 0.500        ; 1.000          ; High Pulse Width ; GPIO_0[1] ; Rise       ; sr74hc595:octavesr1|storagesr[5] ;
; -0.500 ; 0.500        ; 1.000          ; Low Pulse Width  ; GPIO_0[1] ; Rise       ; sr74hc595:octavesr1|storagesr[5] ;
; -0.500 ; 0.500        ; 1.000          ; High Pulse Width ; GPIO_0[1] ; Rise       ; sr74hc595:octavesr1|storagesr[6] ;
; -0.500 ; 0.500        ; 1.000          ; Low Pulse Width  ; GPIO_0[1] ; Rise       ; sr74hc595:octavesr1|storagesr[6] ;
; -0.500 ; 0.500        ; 1.000          ; High Pulse Width ; GPIO_0[1] ; Rise       ; sr74hc595:octavesr1|storagesr[7] ;
; -0.500 ; 0.500        ; 1.000          ; Low Pulse Width  ; GPIO_0[1] ; Rise       ; sr74hc595:octavesr1|storagesr[7] ;
; -0.500 ; 0.500        ; 1.000          ; High Pulse Width ; GPIO_0[1] ; Rise       ; sr74hc595:octavesr2|storagesr[0] ;
; -0.500 ; 0.500        ; 1.000          ; Low Pulse Width  ; GPIO_0[1] ; Rise       ; sr74hc595:octavesr2|storagesr[0] ;
; -0.500 ; 0.500        ; 1.000          ; High Pulse Width ; GPIO_0[1] ; Rise       ; sr74hc595:octavesr2|storagesr[1] ;
; -0.500 ; 0.500        ; 1.000          ; Low Pulse Width  ; GPIO_0[1] ; Rise       ; sr74hc595:octavesr2|storagesr[1] ;
; -0.500 ; 0.500        ; 1.000          ; High Pulse Width ; GPIO_0[1] ; Rise       ; sr74hc595:octavesr2|storagesr[2] ;
; -0.500 ; 0.500        ; 1.000          ; Low Pulse Width  ; GPIO_0[1] ; Rise       ; sr74hc595:octavesr2|storagesr[2] ;
; -0.500 ; 0.500        ; 1.000          ; High Pulse Width ; GPIO_0[1] ; Rise       ; sr74hc595:octavesr2|storagesr[3] ;
; -0.500 ; 0.500        ; 1.000          ; Low Pulse Width  ; GPIO_0[1] ; Rise       ; sr74hc595:octavesr2|storagesr[3] ;
; -0.500 ; 0.500        ; 1.000          ; High Pulse Width ; GPIO_0[1] ; Rise       ; sr74hc595:octavesr2|storagesr[4] ;
; -0.500 ; 0.500        ; 1.000          ; Low Pulse Width  ; GPIO_0[1] ; Rise       ; sr74hc595:octavesr2|storagesr[4] ;
; -0.500 ; 0.500        ; 1.000          ; High Pulse Width ; GPIO_0[1] ; Rise       ; sr74hc595:octavesr2|storagesr[5] ;
; -0.500 ; 0.500        ; 1.000          ; Low Pulse Width  ; GPIO_0[1] ; Rise       ; sr74hc595:octavesr2|storagesr[5] ;
; -0.500 ; 0.500        ; 1.000          ; High Pulse Width ; GPIO_0[1] ; Rise       ; sr74hc595:octavesr2|storagesr[6] ;
; -0.500 ; 0.500        ; 1.000          ; Low Pulse Width  ; GPIO_0[1] ; Rise       ; sr74hc595:octavesr2|storagesr[6] ;
; -0.500 ; 0.500        ; 1.000          ; High Pulse Width ; GPIO_0[1] ; Rise       ; sr74hc595:octavesr2|storagesr[7] ;
; -0.500 ; 0.500        ; 1.000          ; Low Pulse Width  ; GPIO_0[1] ; Rise       ; sr74hc595:octavesr2|storagesr[7] ;
; -0.500 ; 0.500        ; 1.000          ; High Pulse Width ; GPIO_0[1] ; Rise       ; sr74hc595:octavesr3|storagesr[0] ;
; -0.500 ; 0.500        ; 1.000          ; Low Pulse Width  ; GPIO_0[1] ; Rise       ; sr74hc595:octavesr3|storagesr[0] ;
; -0.500 ; 0.500        ; 1.000          ; High Pulse Width ; GPIO_0[1] ; Rise       ; sr74hc595:octavesr3|storagesr[1] ;
; -0.500 ; 0.500        ; 1.000          ; Low Pulse Width  ; GPIO_0[1] ; Rise       ; sr74hc595:octavesr3|storagesr[1] ;
; -0.500 ; 0.500        ; 1.000          ; High Pulse Width ; GPIO_0[1] ; Rise       ; sr74hc595:octavesr3|storagesr[2] ;
; -0.500 ; 0.500        ; 1.000          ; Low Pulse Width  ; GPIO_0[1] ; Rise       ; sr74hc595:octavesr3|storagesr[2] ;
; -0.500 ; 0.500        ; 1.000          ; High Pulse Width ; GPIO_0[1] ; Rise       ; sr74hc595:octavesr3|storagesr[3] ;
; -0.500 ; 0.500        ; 1.000          ; Low Pulse Width  ; GPIO_0[1] ; Rise       ; sr74hc595:octavesr3|storagesr[3] ;
; -0.500 ; 0.500        ; 1.000          ; High Pulse Width ; GPIO_0[1] ; Rise       ; sr74hc595:octavesr3|storagesr[4] ;
; -0.500 ; 0.500        ; 1.000          ; Low Pulse Width  ; GPIO_0[1] ; Rise       ; sr74hc595:octavesr3|storagesr[4] ;
; -0.500 ; 0.500        ; 1.000          ; High Pulse Width ; GPIO_0[1] ; Rise       ; sr74hc595:octavesr3|storagesr[5] ;
; -0.500 ; 0.500        ; 1.000          ; Low Pulse Width  ; GPIO_0[1] ; Rise       ; sr74hc595:octavesr3|storagesr[5] ;
; -0.500 ; 0.500        ; 1.000          ; High Pulse Width ; GPIO_0[1] ; Rise       ; sr74hc595:octavesr3|storagesr[6] ;
; -0.500 ; 0.500        ; 1.000          ; Low Pulse Width  ; GPIO_0[1] ; Rise       ; sr74hc595:octavesr3|storagesr[6] ;
; -0.500 ; 0.500        ; 1.000          ; High Pulse Width ; GPIO_0[1] ; Rise       ; sr74hc595:octavesr3|storagesr[7] ;
; -0.500 ; 0.500        ; 1.000          ; Low Pulse Width  ; GPIO_0[1] ; Rise       ; sr74hc595:octavesr3|storagesr[7] ;
; -0.500 ; 0.500        ; 1.000          ; High Pulse Width ; GPIO_0[1] ; Rise       ; sr74hc595:octavesr4|storagesr[0] ;
; -0.500 ; 0.500        ; 1.000          ; Low Pulse Width  ; GPIO_0[1] ; Rise       ; sr74hc595:octavesr4|storagesr[0] ;
; -0.500 ; 0.500        ; 1.000          ; High Pulse Width ; GPIO_0[1] ; Rise       ; sr74hc595:octavesr4|storagesr[1] ;
; -0.500 ; 0.500        ; 1.000          ; Low Pulse Width  ; GPIO_0[1] ; Rise       ; sr74hc595:octavesr4|storagesr[1] ;
; -0.500 ; 0.500        ; 1.000          ; High Pulse Width ; GPIO_0[1] ; Rise       ; sr74hc595:octavesr4|storagesr[2] ;
; -0.500 ; 0.500        ; 1.000          ; Low Pulse Width  ; GPIO_0[1] ; Rise       ; sr74hc595:octavesr4|storagesr[2] ;
; -0.500 ; 0.500        ; 1.000          ; High Pulse Width ; GPIO_0[1] ; Rise       ; sr74hc595:octavesr4|storagesr[3] ;
; -0.500 ; 0.500        ; 1.000          ; Low Pulse Width  ; GPIO_0[1] ; Rise       ; sr74hc595:octavesr4|storagesr[3] ;
; -0.500 ; 0.500        ; 1.000          ; High Pulse Width ; GPIO_0[1] ; Rise       ; sr74hc595:octavesr4|storagesr[4] ;
; -0.500 ; 0.500        ; 1.000          ; Low Pulse Width  ; GPIO_0[1] ; Rise       ; sr74hc595:octavesr4|storagesr[4] ;
; -0.500 ; 0.500        ; 1.000          ; High Pulse Width ; GPIO_0[1] ; Rise       ; sr74hc595:octavesr4|storagesr[5] ;
; -0.500 ; 0.500        ; 1.000          ; Low Pulse Width  ; GPIO_0[1] ; Rise       ; sr74hc595:octavesr4|storagesr[5] ;
; -0.500 ; 0.500        ; 1.000          ; High Pulse Width ; GPIO_0[1] ; Rise       ; sr74hc595:octavesr4|storagesr[6] ;
; -0.500 ; 0.500        ; 1.000          ; Low Pulse Width  ; GPIO_0[1] ; Rise       ; sr74hc595:octavesr4|storagesr[6] ;
; -0.500 ; 0.500        ; 1.000          ; High Pulse Width ; GPIO_0[1] ; Rise       ; sr74hc595:octavesr4|storagesr[7] ;
; -0.500 ; 0.500        ; 1.000          ; Low Pulse Width  ; GPIO_0[1] ; Rise       ; sr74hc595:octavesr4|storagesr[7] ;
; -0.500 ; 0.500        ; 1.000          ; High Pulse Width ; GPIO_0[1] ; Rise       ; sr74hc595:pitchsr1|storagesr[0]  ;
; -0.500 ; 0.500        ; 1.000          ; Low Pulse Width  ; GPIO_0[1] ; Rise       ; sr74hc595:pitchsr1|storagesr[0]  ;
; -0.500 ; 0.500        ; 1.000          ; High Pulse Width ; GPIO_0[1] ; Rise       ; sr74hc595:pitchsr1|storagesr[1]  ;
; -0.500 ; 0.500        ; 1.000          ; Low Pulse Width  ; GPIO_0[1] ; Rise       ; sr74hc595:pitchsr1|storagesr[1]  ;
; -0.500 ; 0.500        ; 1.000          ; High Pulse Width ; GPIO_0[1] ; Rise       ; sr74hc595:pitchsr1|storagesr[2]  ;
; -0.500 ; 0.500        ; 1.000          ; Low Pulse Width  ; GPIO_0[1] ; Rise       ; sr74hc595:pitchsr1|storagesr[2]  ;
; -0.500 ; 0.500        ; 1.000          ; High Pulse Width ; GPIO_0[1] ; Rise       ; sr74hc595:pitchsr1|storagesr[3]  ;
; -0.500 ; 0.500        ; 1.000          ; Low Pulse Width  ; GPIO_0[1] ; Rise       ; sr74hc595:pitchsr1|storagesr[3]  ;
; -0.500 ; 0.500        ; 1.000          ; High Pulse Width ; GPIO_0[1] ; Rise       ; sr74hc595:pitchsr1|storagesr[4]  ;
; -0.500 ; 0.500        ; 1.000          ; Low Pulse Width  ; GPIO_0[1] ; Rise       ; sr74hc595:pitchsr1|storagesr[4]  ;
; -0.500 ; 0.500        ; 1.000          ; High Pulse Width ; GPIO_0[1] ; Rise       ; sr74hc595:pitchsr1|storagesr[5]  ;
; -0.500 ; 0.500        ; 1.000          ; Low Pulse Width  ; GPIO_0[1] ; Rise       ; sr74hc595:pitchsr1|storagesr[5]  ;
; -0.500 ; 0.500        ; 1.000          ; High Pulse Width ; GPIO_0[1] ; Rise       ; sr74hc595:pitchsr1|storagesr[6]  ;
; -0.500 ; 0.500        ; 1.000          ; Low Pulse Width  ; GPIO_0[1] ; Rise       ; sr74hc595:pitchsr1|storagesr[6]  ;
; -0.500 ; 0.500        ; 1.000          ; High Pulse Width ; GPIO_0[1] ; Rise       ; sr74hc595:pitchsr1|storagesr[7]  ;
; -0.500 ; 0.500        ; 1.000          ; Low Pulse Width  ; GPIO_0[1] ; Rise       ; sr74hc595:pitchsr1|storagesr[7]  ;
; -0.500 ; 0.500        ; 1.000          ; High Pulse Width ; GPIO_0[1] ; Rise       ; sr74hc595:pitchsr2|storagesr[0]  ;
; -0.500 ; 0.500        ; 1.000          ; Low Pulse Width  ; GPIO_0[1] ; Rise       ; sr74hc595:pitchsr2|storagesr[0]  ;
; -0.500 ; 0.500        ; 1.000          ; High Pulse Width ; GPIO_0[1] ; Rise       ; sr74hc595:pitchsr2|storagesr[1]  ;
; -0.500 ; 0.500        ; 1.000          ; Low Pulse Width  ; GPIO_0[1] ; Rise       ; sr74hc595:pitchsr2|storagesr[1]  ;
; -0.500 ; 0.500        ; 1.000          ; High Pulse Width ; GPIO_0[1] ; Rise       ; sr74hc595:pitchsr2|storagesr[2]  ;
; -0.500 ; 0.500        ; 1.000          ; Low Pulse Width  ; GPIO_0[1] ; Rise       ; sr74hc595:pitchsr2|storagesr[2]  ;
; -0.500 ; 0.500        ; 1.000          ; High Pulse Width ; GPIO_0[1] ; Rise       ; sr74hc595:pitchsr2|storagesr[3]  ;
; -0.500 ; 0.500        ; 1.000          ; Low Pulse Width  ; GPIO_0[1] ; Rise       ; sr74hc595:pitchsr2|storagesr[3]  ;
; -0.500 ; 0.500        ; 1.000          ; High Pulse Width ; GPIO_0[1] ; Rise       ; sr74hc595:pitchsr2|storagesr[4]  ;
; -0.500 ; 0.500        ; 1.000          ; Low Pulse Width  ; GPIO_0[1] ; Rise       ; sr74hc595:pitchsr2|storagesr[4]  ;
; -0.500 ; 0.500        ; 1.000          ; High Pulse Width ; GPIO_0[1] ; Rise       ; sr74hc595:pitchsr2|storagesr[5]  ;
; -0.500 ; 0.500        ; 1.000          ; Low Pulse Width  ; GPIO_0[1] ; Rise       ; sr74hc595:pitchsr2|storagesr[5]  ;
; -0.500 ; 0.500        ; 1.000          ; High Pulse Width ; GPIO_0[1] ; Rise       ; sr74hc595:pitchsr2|storagesr[6]  ;
; -0.500 ; 0.500        ; 1.000          ; Low Pulse Width  ; GPIO_0[1] ; Rise       ; sr74hc595:pitchsr2|storagesr[6]  ;
; -0.500 ; 0.500        ; 1.000          ; High Pulse Width ; GPIO_0[1] ; Rise       ; sr74hc595:pitchsr2|storagesr[7]  ;
; -0.500 ; 0.500        ; 1.000          ; Low Pulse Width  ; GPIO_0[1] ; Rise       ; sr74hc595:pitchsr2|storagesr[7]  ;
; -0.500 ; 0.500        ; 1.000          ; High Pulse Width ; GPIO_0[1] ; Rise       ; sr74hc595:pitchsr3|storagesr[0]  ;
; -0.500 ; 0.500        ; 1.000          ; Low Pulse Width  ; GPIO_0[1] ; Rise       ; sr74hc595:pitchsr3|storagesr[0]  ;
; -0.500 ; 0.500        ; 1.000          ; High Pulse Width ; GPIO_0[1] ; Rise       ; sr74hc595:pitchsr3|storagesr[1]  ;
+--------+--------------+----------------+------------------+-----------+------------+----------------------------------+


+-------------------------------------------------------------------------------------------------------------------+
; Fast Model Minimum Pulse Width: 'GPIO_0[12]'                                                                      ;
+--------+--------------+----------------+------------------+------------+------------+-----------------------------+
; Slack  ; Actual Width ; Required Width ; Type             ; Clock      ; Clock Edge ; Target                      ;
+--------+--------------+----------------+------------------+------------+------------+-----------------------------+
; -1.777 ; 1.000        ; 2.777          ; Port Rate        ; GPIO_0[12] ; Rise       ; GPIO_0[12]                  ;
; -0.500 ; 0.500        ; 1.000          ; High Pulse Width ; GPIO_0[12] ; Rise       ; divcd4024:freqdiv1|count[0] ;
; -0.500 ; 0.500        ; 1.000          ; Low Pulse Width  ; GPIO_0[12] ; Rise       ; divcd4024:freqdiv1|count[0] ;
; -0.500 ; 0.500        ; 1.000          ; High Pulse Width ; GPIO_0[12] ; Rise       ; divcd4024:freqdiv1|count[1] ;
; -0.500 ; 0.500        ; 1.000          ; Low Pulse Width  ; GPIO_0[12] ; Rise       ; divcd4024:freqdiv1|count[1] ;
; -0.500 ; 0.500        ; 1.000          ; High Pulse Width ; GPIO_0[12] ; Rise       ; divcd4024:freqdiv1|count[2] ;
; -0.500 ; 0.500        ; 1.000          ; Low Pulse Width  ; GPIO_0[12] ; Rise       ; divcd4024:freqdiv1|count[2] ;
; -0.500 ; 0.500        ; 1.000          ; High Pulse Width ; GPIO_0[12] ; Rise       ; divcd4024:freqdiv1|count[3] ;
; -0.500 ; 0.500        ; 1.000          ; Low Pulse Width  ; GPIO_0[12] ; Rise       ; divcd4024:freqdiv1|count[3] ;
; -0.500 ; 0.500        ; 1.000          ; High Pulse Width ; GPIO_0[12] ; Rise       ; divcd4024:freqdiv1|count[4] ;
; -0.500 ; 0.500        ; 1.000          ; Low Pulse Width  ; GPIO_0[12] ; Rise       ; divcd4024:freqdiv1|count[4] ;
; -0.500 ; 0.500        ; 1.000          ; High Pulse Width ; GPIO_0[12] ; Rise       ; divcd4024:freqdiv1|count[5] ;
; -0.500 ; 0.500        ; 1.000          ; Low Pulse Width  ; GPIO_0[12] ; Rise       ; divcd4024:freqdiv1|count[5] ;
; -0.500 ; 0.500        ; 1.000          ; High Pulse Width ; GPIO_0[12] ; Rise       ; divcd4024:freqdiv1|count[6] ;
; -0.500 ; 0.500        ; 1.000          ; Low Pulse Width  ; GPIO_0[12] ; Rise       ; divcd4024:freqdiv1|count[6] ;
; -0.500 ; 0.500        ; 1.000          ; High Pulse Width ; GPIO_0[12] ; Rise       ; divcd4024:freqdiv2|count[0] ;
; -0.500 ; 0.500        ; 1.000          ; Low Pulse Width  ; GPIO_0[12] ; Rise       ; divcd4024:freqdiv2|count[0] ;
; -0.500 ; 0.500        ; 1.000          ; High Pulse Width ; GPIO_0[12] ; Rise       ; divcd4024:freqdiv2|count[1] ;
; -0.500 ; 0.500        ; 1.000          ; Low Pulse Width  ; GPIO_0[12] ; Rise       ; divcd4024:freqdiv2|count[1] ;
; -0.500 ; 0.500        ; 1.000          ; High Pulse Width ; GPIO_0[12] ; Rise       ; divcd4024:freqdiv2|count[2] ;
; -0.500 ; 0.500        ; 1.000          ; Low Pulse Width  ; GPIO_0[12] ; Rise       ; divcd4024:freqdiv2|count[2] ;
; -0.500 ; 0.500        ; 1.000          ; High Pulse Width ; GPIO_0[12] ; Rise       ; divcd4024:freqdiv2|count[3] ;
; -0.500 ; 0.500        ; 1.000          ; Low Pulse Width  ; GPIO_0[12] ; Rise       ; divcd4024:freqdiv2|count[3] ;
; -0.500 ; 0.500        ; 1.000          ; High Pulse Width ; GPIO_0[12] ; Rise       ; divcd4024:freqdiv2|count[4] ;
; -0.500 ; 0.500        ; 1.000          ; Low Pulse Width  ; GPIO_0[12] ; Rise       ; divcd4024:freqdiv2|count[4] ;
; -0.500 ; 0.500        ; 1.000          ; High Pulse Width ; GPIO_0[12] ; Rise       ; divcd4024:freqdiv2|count[5] ;
; -0.500 ; 0.500        ; 1.000          ; Low Pulse Width  ; GPIO_0[12] ; Rise       ; divcd4024:freqdiv2|count[5] ;
; -0.500 ; 0.500        ; 1.000          ; High Pulse Width ; GPIO_0[12] ; Rise       ; divcd4024:freqdiv2|count[6] ;
; -0.500 ; 0.500        ; 1.000          ; Low Pulse Width  ; GPIO_0[12] ; Rise       ; divcd4024:freqdiv2|count[6] ;
; -0.500 ; 0.500        ; 1.000          ; High Pulse Width ; GPIO_0[12] ; Rise       ; divcd4024:freqdiv3|count[0] ;
; -0.500 ; 0.500        ; 1.000          ; Low Pulse Width  ; GPIO_0[12] ; Rise       ; divcd4024:freqdiv3|count[0] ;
; -0.500 ; 0.500        ; 1.000          ; High Pulse Width ; GPIO_0[12] ; Rise       ; divcd4024:freqdiv3|count[1] ;
; -0.500 ; 0.500        ; 1.000          ; Low Pulse Width  ; GPIO_0[12] ; Rise       ; divcd4024:freqdiv3|count[1] ;
; -0.500 ; 0.500        ; 1.000          ; High Pulse Width ; GPIO_0[12] ; Rise       ; divcd4024:freqdiv3|count[2] ;
; -0.500 ; 0.500        ; 1.000          ; Low Pulse Width  ; GPIO_0[12] ; Rise       ; divcd4024:freqdiv3|count[2] ;
; -0.500 ; 0.500        ; 1.000          ; High Pulse Width ; GPIO_0[12] ; Rise       ; divcd4024:freqdiv3|count[3] ;
; -0.500 ; 0.500        ; 1.000          ; Low Pulse Width  ; GPIO_0[12] ; Rise       ; divcd4024:freqdiv3|count[3] ;
; -0.500 ; 0.500        ; 1.000          ; High Pulse Width ; GPIO_0[12] ; Rise       ; divcd4024:freqdiv3|count[4] ;
; -0.500 ; 0.500        ; 1.000          ; Low Pulse Width  ; GPIO_0[12] ; Rise       ; divcd4024:freqdiv3|count[4] ;
; -0.500 ; 0.500        ; 1.000          ; High Pulse Width ; GPIO_0[12] ; Rise       ; divcd4024:freqdiv3|count[5] ;
; -0.500 ; 0.500        ; 1.000          ; Low Pulse Width  ; GPIO_0[12] ; Rise       ; divcd4024:freqdiv3|count[5] ;
; -0.500 ; 0.500        ; 1.000          ; High Pulse Width ; GPIO_0[12] ; Rise       ; divcd4024:freqdiv3|count[6] ;
; -0.500 ; 0.500        ; 1.000          ; Low Pulse Width  ; GPIO_0[12] ; Rise       ; divcd4024:freqdiv3|count[6] ;
; -0.500 ; 0.500        ; 1.000          ; High Pulse Width ; GPIO_0[12] ; Rise       ; divcd4024:freqdiv4|count[0] ;
; -0.500 ; 0.500        ; 1.000          ; Low Pulse Width  ; GPIO_0[12] ; Rise       ; divcd4024:freqdiv4|count[0] ;
; -0.500 ; 0.500        ; 1.000          ; High Pulse Width ; GPIO_0[12] ; Rise       ; divcd4024:freqdiv4|count[1] ;
; -0.500 ; 0.500        ; 1.000          ; Low Pulse Width  ; GPIO_0[12] ; Rise       ; divcd4024:freqdiv4|count[1] ;
; -0.500 ; 0.500        ; 1.000          ; High Pulse Width ; GPIO_0[12] ; Rise       ; divcd4024:freqdiv4|count[2] ;
; -0.500 ; 0.500        ; 1.000          ; Low Pulse Width  ; GPIO_0[12] ; Rise       ; divcd4024:freqdiv4|count[2] ;
; -0.500 ; 0.500        ; 1.000          ; High Pulse Width ; GPIO_0[12] ; Rise       ; divcd4024:freqdiv4|count[3] ;
; -0.500 ; 0.500        ; 1.000          ; Low Pulse Width  ; GPIO_0[12] ; Rise       ; divcd4024:freqdiv4|count[3] ;
; -0.500 ; 0.500        ; 1.000          ; High Pulse Width ; GPIO_0[12] ; Rise       ; divcd4024:freqdiv4|count[4] ;
; -0.500 ; 0.500        ; 1.000          ; Low Pulse Width  ; GPIO_0[12] ; Rise       ; divcd4024:freqdiv4|count[4] ;
; -0.500 ; 0.500        ; 1.000          ; High Pulse Width ; GPIO_0[12] ; Rise       ; divcd4024:freqdiv4|count[5] ;
; -0.500 ; 0.500        ; 1.000          ; Low Pulse Width  ; GPIO_0[12] ; Rise       ; divcd4024:freqdiv4|count[5] ;
; -0.500 ; 0.500        ; 1.000          ; High Pulse Width ; GPIO_0[12] ; Rise       ; divcd4024:freqdiv4|count[6] ;
; -0.500 ; 0.500        ; 1.000          ; Low Pulse Width  ; GPIO_0[12] ; Rise       ; divcd4024:freqdiv4|count[6] ;
; -0.500 ; 0.500        ; 1.000          ; High Pulse Width ; GPIO_0[12] ; Rise       ; divcd4024:freqdiv5|count[0] ;
; -0.500 ; 0.500        ; 1.000          ; Low Pulse Width  ; GPIO_0[12] ; Rise       ; divcd4024:freqdiv5|count[0] ;
; -0.500 ; 0.500        ; 1.000          ; High Pulse Width ; GPIO_0[12] ; Rise       ; divcd4024:freqdiv5|count[1] ;
; -0.500 ; 0.500        ; 1.000          ; Low Pulse Width  ; GPIO_0[12] ; Rise       ; divcd4024:freqdiv5|count[1] ;
; -0.500 ; 0.500        ; 1.000          ; High Pulse Width ; GPIO_0[12] ; Rise       ; divcd4024:freqdiv5|count[2] ;
; -0.500 ; 0.500        ; 1.000          ; Low Pulse Width  ; GPIO_0[12] ; Rise       ; divcd4024:freqdiv5|count[2] ;
; -0.500 ; 0.500        ; 1.000          ; High Pulse Width ; GPIO_0[12] ; Rise       ; divcd4024:freqdiv5|count[3] ;
; -0.500 ; 0.500        ; 1.000          ; Low Pulse Width  ; GPIO_0[12] ; Rise       ; divcd4024:freqdiv5|count[3] ;
; -0.500 ; 0.500        ; 1.000          ; High Pulse Width ; GPIO_0[12] ; Rise       ; divcd4024:freqdiv5|count[4] ;
; -0.500 ; 0.500        ; 1.000          ; Low Pulse Width  ; GPIO_0[12] ; Rise       ; divcd4024:freqdiv5|count[4] ;
; -0.500 ; 0.500        ; 1.000          ; High Pulse Width ; GPIO_0[12] ; Rise       ; divcd4024:freqdiv5|count[5] ;
; -0.500 ; 0.500        ; 1.000          ; Low Pulse Width  ; GPIO_0[12] ; Rise       ; divcd4024:freqdiv5|count[5] ;
; -0.500 ; 0.500        ; 1.000          ; High Pulse Width ; GPIO_0[12] ; Rise       ; divcd4024:freqdiv5|count[6] ;
; -0.500 ; 0.500        ; 1.000          ; Low Pulse Width  ; GPIO_0[12] ; Rise       ; divcd4024:freqdiv5|count[6] ;
; -0.500 ; 0.500        ; 1.000          ; High Pulse Width ; GPIO_0[12] ; Rise       ; divcd4024:freqdiv6|count[0] ;
; -0.500 ; 0.500        ; 1.000          ; Low Pulse Width  ; GPIO_0[12] ; Rise       ; divcd4024:freqdiv6|count[0] ;
; -0.500 ; 0.500        ; 1.000          ; High Pulse Width ; GPIO_0[12] ; Rise       ; divcd4024:freqdiv6|count[1] ;
; -0.500 ; 0.500        ; 1.000          ; Low Pulse Width  ; GPIO_0[12] ; Rise       ; divcd4024:freqdiv6|count[1] ;
; -0.500 ; 0.500        ; 1.000          ; High Pulse Width ; GPIO_0[12] ; Rise       ; divcd4024:freqdiv6|count[2] ;
; -0.500 ; 0.500        ; 1.000          ; Low Pulse Width  ; GPIO_0[12] ; Rise       ; divcd4024:freqdiv6|count[2] ;
; -0.500 ; 0.500        ; 1.000          ; High Pulse Width ; GPIO_0[12] ; Rise       ; divcd4024:freqdiv6|count[3] ;
; -0.500 ; 0.500        ; 1.000          ; Low Pulse Width  ; GPIO_0[12] ; Rise       ; divcd4024:freqdiv6|count[3] ;
; -0.500 ; 0.500        ; 1.000          ; High Pulse Width ; GPIO_0[12] ; Rise       ; divcd4024:freqdiv6|count[4] ;
; -0.500 ; 0.500        ; 1.000          ; Low Pulse Width  ; GPIO_0[12] ; Rise       ; divcd4024:freqdiv6|count[4] ;
; -0.500 ; 0.500        ; 1.000          ; High Pulse Width ; GPIO_0[12] ; Rise       ; divcd4024:freqdiv6|count[5] ;
; -0.500 ; 0.500        ; 1.000          ; Low Pulse Width  ; GPIO_0[12] ; Rise       ; divcd4024:freqdiv6|count[5] ;
; -0.500 ; 0.500        ; 1.000          ; High Pulse Width ; GPIO_0[12] ; Rise       ; divcd4024:freqdiv6|count[6] ;
; -0.500 ; 0.500        ; 1.000          ; Low Pulse Width  ; GPIO_0[12] ; Rise       ; divcd4024:freqdiv6|count[6] ;
; -0.500 ; 0.500        ; 1.000          ; High Pulse Width ; GPIO_0[12] ; Rise       ; divcd4024:freqdiv7|count[0] ;
; -0.500 ; 0.500        ; 1.000          ; Low Pulse Width  ; GPIO_0[12] ; Rise       ; divcd4024:freqdiv7|count[0] ;
; -0.500 ; 0.500        ; 1.000          ; High Pulse Width ; GPIO_0[12] ; Rise       ; divcd4024:freqdiv7|count[1] ;
; -0.500 ; 0.500        ; 1.000          ; Low Pulse Width  ; GPIO_0[12] ; Rise       ; divcd4024:freqdiv7|count[1] ;
; -0.500 ; 0.500        ; 1.000          ; High Pulse Width ; GPIO_0[12] ; Rise       ; divcd4024:freqdiv7|count[2] ;
; -0.500 ; 0.500        ; 1.000          ; Low Pulse Width  ; GPIO_0[12] ; Rise       ; divcd4024:freqdiv7|count[2] ;
; -0.500 ; 0.500        ; 1.000          ; High Pulse Width ; GPIO_0[12] ; Rise       ; divcd4024:freqdiv7|count[3] ;
; -0.500 ; 0.500        ; 1.000          ; Low Pulse Width  ; GPIO_0[12] ; Rise       ; divcd4024:freqdiv7|count[3] ;
; -0.500 ; 0.500        ; 1.000          ; High Pulse Width ; GPIO_0[12] ; Rise       ; divcd4024:freqdiv7|count[4] ;
; -0.500 ; 0.500        ; 1.000          ; Low Pulse Width  ; GPIO_0[12] ; Rise       ; divcd4024:freqdiv7|count[4] ;
; -0.500 ; 0.500        ; 1.000          ; High Pulse Width ; GPIO_0[12] ; Rise       ; divcd4024:freqdiv7|count[5] ;
; -0.500 ; 0.500        ; 1.000          ; Low Pulse Width  ; GPIO_0[12] ; Rise       ; divcd4024:freqdiv7|count[5] ;
; -0.500 ; 0.500        ; 1.000          ; High Pulse Width ; GPIO_0[12] ; Rise       ; divcd4024:freqdiv7|count[6] ;
; -0.500 ; 0.500        ; 1.000          ; Low Pulse Width  ; GPIO_0[12] ; Rise       ; divcd4024:freqdiv7|count[6] ;
; -0.500 ; 0.500        ; 1.000          ; High Pulse Width ; GPIO_0[12] ; Rise       ; divcd4024:freqdiv8|count[0] ;
+--------+--------------+----------------+------------------+------------+------------+-----------------------------+


+------------------------------------------------------------------------+
; Setup Times                                                            ;
+------------+------------+-------+-------+------------+-----------------+
; Data Port  ; Clock Port ; Rise  ; Fall  ; Clock Edge ; Clock Reference ;
+------------+------------+-------+-------+------------+-----------------+
; GPIO_0[*]  ; GPIO_0[0]  ; 2.961 ; 2.961 ; Rise       ; GPIO_0[0]       ;
;  GPIO_0[2] ; GPIO_0[0]  ; 2.637 ; 2.637 ; Rise       ; GPIO_0[0]       ;
;  GPIO_0[3] ; GPIO_0[0]  ; 2.961 ; 2.961 ; Rise       ; GPIO_0[0]       ;
;  GPIO_0[5] ; GPIO_0[0]  ; 2.286 ; 2.286 ; Rise       ; GPIO_0[0]       ;
; GPIO_0[*]  ; GPIO_0[1]  ; 2.560 ; 2.560 ; Rise       ; GPIO_0[1]       ;
;  GPIO_0[3] ; GPIO_0[1]  ; 2.560 ; 2.560 ; Rise       ; GPIO_0[1]       ;
+------------+------------+-------+-------+------------+-----------------+


+--------------------------------------------------------------------------+
; Hold Times                                                               ;
+------------+------------+--------+--------+------------+-----------------+
; Data Port  ; Clock Port ; Rise   ; Fall   ; Clock Edge ; Clock Reference ;
+------------+------------+--------+--------+------------+-----------------+
; GPIO_0[*]  ; GPIO_0[0]  ; -2.041 ; -2.041 ; Rise       ; GPIO_0[0]       ;
;  GPIO_0[2] ; GPIO_0[0]  ; -2.517 ; -2.517 ; Rise       ; GPIO_0[0]       ;
;  GPIO_0[3] ; GPIO_0[0]  ; -2.041 ; -2.041 ; Rise       ; GPIO_0[0]       ;
;  GPIO_0[5] ; GPIO_0[0]  ; -2.166 ; -2.166 ; Rise       ; GPIO_0[0]       ;
; GPIO_0[*]  ; GPIO_0[1]  ; 1.004  ; 1.004  ; Rise       ; GPIO_0[1]       ;
;  GPIO_0[3] ; GPIO_0[1]  ; 1.004  ; 1.004  ; Rise       ; GPIO_0[1]       ;
+------------+------------+--------+--------+------------+-----------------+


+-------------------------------------------------------------------------+
; Clock to Output Times                                                   ;
+-------------+------------+-------+-------+------------+-----------------+
; Data Port   ; Clock Port ; Rise  ; Fall  ; Clock Edge ; Clock Reference ;
+-------------+------------+-------+-------+------------+-----------------+
; GPIO_0[*]   ; GPIO_0[12] ; 7.305 ; 7.305 ; Rise       ; GPIO_0[12]      ;
;  GPIO_0[20] ; GPIO_0[12] ; 6.299 ; 6.299 ; Rise       ; GPIO_0[12]      ;
;  GPIO_0[21] ; GPIO_0[12] ; 6.853 ; 6.853 ; Rise       ; GPIO_0[12]      ;
;  GPIO_0[22] ; GPIO_0[12] ; 7.235 ; 7.235 ; Rise       ; GPIO_0[12]      ;
;  GPIO_0[23] ; GPIO_0[12] ; 7.305 ; 7.305 ; Rise       ; GPIO_0[12]      ;
;  GPIO_0[24] ; GPIO_0[12] ; 7.115 ; 7.115 ; Rise       ; GPIO_0[12]      ;
;  GPIO_0[25] ; GPIO_0[12] ; 6.828 ; 6.828 ; Rise       ; GPIO_0[12]      ;
;  GPIO_0[26] ; GPIO_0[12] ; 7.070 ; 7.070 ; Rise       ; GPIO_0[12]      ;
;  GPIO_0[27] ; GPIO_0[12] ; 6.396 ; 6.396 ; Rise       ; GPIO_0[12]      ;
; LEDG[*]     ; GPIO_0[12] ; 8.242 ; 8.242 ; Rise       ; GPIO_0[12]      ;
;  LEDG[0]    ; GPIO_0[12] ; 7.532 ; 7.532 ; Rise       ; GPIO_0[12]      ;
;  LEDG[1]    ; GPIO_0[12] ; 8.044 ; 8.044 ; Rise       ; GPIO_0[12]      ;
;  LEDG[2]    ; GPIO_0[12] ; 8.093 ; 8.093 ; Rise       ; GPIO_0[12]      ;
;  LEDG[3]    ; GPIO_0[12] ; 8.207 ; 8.207 ; Rise       ; GPIO_0[12]      ;
;  LEDG[4]    ; GPIO_0[12] ; 8.242 ; 8.242 ; Rise       ; GPIO_0[12]      ;
;  LEDG[5]    ; GPIO_0[12] ; 7.812 ; 7.812 ; Rise       ; GPIO_0[12]      ;
;  LEDG[6]    ; GPIO_0[12] ; 7.891 ; 7.891 ; Rise       ; GPIO_0[12]      ;
;  LEDG[7]    ; GPIO_0[12] ; 7.460 ; 7.460 ; Rise       ; GPIO_0[12]      ;
; LEDR[*]     ; GPIO_0[12] ; 5.643 ; 5.643 ; Rise       ; GPIO_0[12]      ;
;  LEDR[4]    ; GPIO_0[12] ; 5.643 ; 5.643 ; Rise       ; GPIO_0[12]      ;
; LEDR[*]     ; GPIO_0[12] ; 5.643 ; 5.643 ; Fall       ; GPIO_0[12]      ;
;  LEDR[4]    ; GPIO_0[12] ; 5.643 ; 5.643 ; Fall       ; GPIO_0[12]      ;
; GPIO_0[*]   ; GPIO_0[1]  ; 7.930 ; 7.930 ; Rise       ; GPIO_0[1]       ;
;  GPIO_0[20] ; GPIO_0[1]  ; 7.385 ; 7.385 ; Rise       ; GPIO_0[1]       ;
;  GPIO_0[21] ; GPIO_0[1]  ; 7.370 ; 7.370 ; Rise       ; GPIO_0[1]       ;
;  GPIO_0[22] ; GPIO_0[1]  ; 7.624 ; 7.624 ; Rise       ; GPIO_0[1]       ;
;  GPIO_0[23] ; GPIO_0[1]  ; 7.569 ; 7.569 ; Rise       ; GPIO_0[1]       ;
;  GPIO_0[24] ; GPIO_0[1]  ; 7.475 ; 7.475 ; Rise       ; GPIO_0[1]       ;
;  GPIO_0[25] ; GPIO_0[1]  ; 7.455 ; 7.455 ; Rise       ; GPIO_0[1]       ;
;  GPIO_0[26] ; GPIO_0[1]  ; 7.930 ; 7.930 ; Rise       ; GPIO_0[1]       ;
;  GPIO_0[27] ; GPIO_0[1]  ; 7.381 ; 7.381 ; Rise       ; GPIO_0[1]       ;
; LEDG[*]     ; GPIO_0[1]  ; 8.751 ; 8.751 ; Rise       ; GPIO_0[1]       ;
;  LEDG[0]    ; GPIO_0[1]  ; 8.618 ; 8.618 ; Rise       ; GPIO_0[1]       ;
;  LEDG[1]    ; GPIO_0[1]  ; 8.561 ; 8.561 ; Rise       ; GPIO_0[1]       ;
;  LEDG[2]    ; GPIO_0[1]  ; 8.482 ; 8.482 ; Rise       ; GPIO_0[1]       ;
;  LEDG[3]    ; GPIO_0[1]  ; 8.471 ; 8.471 ; Rise       ; GPIO_0[1]       ;
;  LEDG[4]    ; GPIO_0[1]  ; 8.602 ; 8.602 ; Rise       ; GPIO_0[1]       ;
;  LEDG[5]    ; GPIO_0[1]  ; 8.439 ; 8.439 ; Rise       ; GPIO_0[1]       ;
;  LEDG[6]    ; GPIO_0[1]  ; 8.751 ; 8.751 ; Rise       ; GPIO_0[1]       ;
;  LEDG[7]    ; GPIO_0[1]  ; 8.445 ; 8.445 ; Rise       ; GPIO_0[1]       ;
+-------------+------------+-------+-------+------------+-----------------+


+-------------------------------------------------------------------------+
; Minimum Clock to Output Times                                           ;
+-------------+------------+-------+-------+------------+-----------------+
; Data Port   ; Clock Port ; Rise  ; Fall  ; Clock Edge ; Clock Reference ;
+-------------+------------+-------+-------+------------+-----------------+
; GPIO_0[*]   ; GPIO_0[12] ; 5.841 ; 5.841 ; Rise       ; GPIO_0[12]      ;
;  GPIO_0[20] ; GPIO_0[12] ; 5.841 ; 5.841 ; Rise       ; GPIO_0[12]      ;
;  GPIO_0[21] ; GPIO_0[12] ; 6.407 ; 6.407 ; Rise       ; GPIO_0[12]      ;
;  GPIO_0[22] ; GPIO_0[12] ; 7.059 ; 7.059 ; Rise       ; GPIO_0[12]      ;
;  GPIO_0[23] ; GPIO_0[12] ; 6.805 ; 6.805 ; Rise       ; GPIO_0[12]      ;
;  GPIO_0[24] ; GPIO_0[12] ; 6.509 ; 6.509 ; Rise       ; GPIO_0[12]      ;
;  GPIO_0[25] ; GPIO_0[12] ; 6.470 ; 6.470 ; Rise       ; GPIO_0[12]      ;
;  GPIO_0[26] ; GPIO_0[12] ; 6.318 ; 6.318 ; Rise       ; GPIO_0[12]      ;
;  GPIO_0[27] ; GPIO_0[12] ; 5.965 ; 5.965 ; Rise       ; GPIO_0[12]      ;
; LEDG[*]     ; GPIO_0[12] ; 7.029 ; 7.029 ; Rise       ; GPIO_0[12]      ;
;  LEDG[0]    ; GPIO_0[12] ; 7.074 ; 7.074 ; Rise       ; GPIO_0[12]      ;
;  LEDG[1]    ; GPIO_0[12] ; 7.598 ; 7.598 ; Rise       ; GPIO_0[12]      ;
;  LEDG[2]    ; GPIO_0[12] ; 7.917 ; 7.917 ; Rise       ; GPIO_0[12]      ;
;  LEDG[3]    ; GPIO_0[12] ; 7.707 ; 7.707 ; Rise       ; GPIO_0[12]      ;
;  LEDG[4]    ; GPIO_0[12] ; 7.636 ; 7.636 ; Rise       ; GPIO_0[12]      ;
;  LEDG[5]    ; GPIO_0[12] ; 7.454 ; 7.454 ; Rise       ; GPIO_0[12]      ;
;  LEDG[6]    ; GPIO_0[12] ; 7.139 ; 7.139 ; Rise       ; GPIO_0[12]      ;
;  LEDG[7]    ; GPIO_0[12] ; 7.029 ; 7.029 ; Rise       ; GPIO_0[12]      ;
; LEDR[*]     ; GPIO_0[12] ; 5.643 ; 5.643 ; Rise       ; GPIO_0[12]      ;
;  LEDR[4]    ; GPIO_0[12] ; 5.643 ; 5.643 ; Rise       ; GPIO_0[12]      ;
; LEDR[*]     ; GPIO_0[12] ; 5.643 ; 5.643 ; Fall       ; GPIO_0[12]      ;
;  LEDR[4]    ; GPIO_0[12] ; 5.643 ; 5.643 ; Fall       ; GPIO_0[12]      ;
; GPIO_0[*]   ; GPIO_0[1]  ; 6.628 ; 6.628 ; Rise       ; GPIO_0[1]       ;
;  GPIO_0[20] ; GPIO_0[1]  ; 6.628 ; 6.628 ; Rise       ; GPIO_0[1]       ;
;  GPIO_0[21] ; GPIO_0[1]  ; 6.719 ; 6.719 ; Rise       ; GPIO_0[1]       ;
;  GPIO_0[22] ; GPIO_0[1]  ; 6.950 ; 6.950 ; Rise       ; GPIO_0[1]       ;
;  GPIO_0[23] ; GPIO_0[1]  ; 6.750 ; 6.750 ; Rise       ; GPIO_0[1]       ;
;  GPIO_0[24] ; GPIO_0[1]  ; 6.775 ; 6.775 ; Rise       ; GPIO_0[1]       ;
;  GPIO_0[25] ; GPIO_0[1]  ; 7.003 ; 7.003 ; Rise       ; GPIO_0[1]       ;
;  GPIO_0[26] ; GPIO_0[1]  ; 6.979 ; 6.979 ; Rise       ; GPIO_0[1]       ;
;  GPIO_0[27] ; GPIO_0[1]  ; 6.811 ; 6.811 ; Rise       ; GPIO_0[1]       ;
; LEDG[*]     ; GPIO_0[1]  ; 7.652 ; 7.652 ; Rise       ; GPIO_0[1]       ;
;  LEDG[0]    ; GPIO_0[1]  ; 7.861 ; 7.861 ; Rise       ; GPIO_0[1]       ;
;  LEDG[1]    ; GPIO_0[1]  ; 7.910 ; 7.910 ; Rise       ; GPIO_0[1]       ;
;  LEDG[2]    ; GPIO_0[1]  ; 7.808 ; 7.808 ; Rise       ; GPIO_0[1]       ;
;  LEDG[3]    ; GPIO_0[1]  ; 7.652 ; 7.652 ; Rise       ; GPIO_0[1]       ;
;  LEDG[4]    ; GPIO_0[1]  ; 7.902 ; 7.902 ; Rise       ; GPIO_0[1]       ;
;  LEDG[5]    ; GPIO_0[1]  ; 7.987 ; 7.987 ; Rise       ; GPIO_0[1]       ;
;  LEDG[6]    ; GPIO_0[1]  ; 7.800 ; 7.800 ; Rise       ; GPIO_0[1]       ;
;  LEDG[7]    ; GPIO_0[1]  ; 7.875 ; 7.875 ; Rise       ; GPIO_0[1]       ;
+-------------+------------+-------+-------+------------+-----------------+


+----------------------------------------------------+
; Propagation Delay                                  ;
+------------+-------------+-------+----+----+-------+
; Input Port ; Output Port ; RR    ; RF ; FR ; FF    ;
+------------+-------------+-------+----+----+-------+
; GPIO_0[6]  ; LEDR[0]     ; 5.619 ;    ;    ; 5.619 ;
; GPIO_0[7]  ; LEDR[1]     ; 5.915 ;    ;    ; 5.915 ;
; GPIO_0[8]  ; LEDR[2]     ; 5.676 ;    ;    ; 5.676 ;
; GPIO_0[9]  ; LEDR[3]     ; 5.960 ;    ;    ; 5.960 ;
; GPIO_0[13] ; LEDR[5]     ; 5.879 ;    ;    ; 5.879 ;
; GPIO_0[14] ; LEDR[6]     ; 5.856 ;    ;    ; 5.856 ;
; GPIO_0[15] ; LEDR[7]     ; 5.698 ;    ;    ; 5.698 ;
; GPIO_0[16] ; LEDR[8]     ; 5.716 ;    ;    ; 5.716 ;
; GPIO_0[17] ; LEDR[9]     ; 5.675 ;    ;    ; 5.675 ;
; GPIO_0[18] ; LEDR[10]    ; 5.772 ;    ;    ; 5.772 ;
; GPIO_0[19] ; LEDR[11]    ; 5.727 ;    ;    ; 5.727 ;
+------------+-------------+-------+----+----+-------+


+----------------------------------------------------+
; Minimum Propagation Delay                          ;
+------------+-------------+-------+----+----+-------+
; Input Port ; Output Port ; RR    ; RF ; FR ; FF    ;
+------------+-------------+-------+----+----+-------+
; GPIO_0[6]  ; LEDR[0]     ; 5.619 ;    ;    ; 5.619 ;
; GPIO_0[7]  ; LEDR[1]     ; 5.915 ;    ;    ; 5.915 ;
; GPIO_0[8]  ; LEDR[2]     ; 5.676 ;    ;    ; 5.676 ;
; GPIO_0[9]  ; LEDR[3]     ; 5.960 ;    ;    ; 5.960 ;
; GPIO_0[13] ; LEDR[5]     ; 5.879 ;    ;    ; 5.879 ;
; GPIO_0[14] ; LEDR[6]     ; 5.856 ;    ;    ; 5.856 ;
; GPIO_0[15] ; LEDR[7]     ; 5.698 ;    ;    ; 5.698 ;
; GPIO_0[16] ; LEDR[8]     ; 5.716 ;    ;    ; 5.716 ;
; GPIO_0[17] ; LEDR[9]     ; 5.675 ;    ;    ; 5.675 ;
; GPIO_0[18] ; LEDR[10]    ; 5.772 ;    ;    ; 5.772 ;
; GPIO_0[19] ; LEDR[11]    ; 5.727 ;    ;    ; 5.727 ;
+------------+-------------+-------+----+----+-------+


+----------------------------------------------------------------------------------+
; Multicorner Timing Analysis Summary                                              ;
+------------------+---------+----------+----------+---------+---------------------+
; Clock            ; Setup   ; Hold     ; Recovery ; Removal ; Minimum Pulse Width ;
+------------------+---------+----------+----------+---------+---------------------+
; Worst-case Slack ; -1.347  ; -6.086   ; N/A      ; N/A     ; -1.777              ;
;  GPIO_0[0]       ; -1.347  ; 0.378    ; N/A      ; N/A     ; -1.777              ;
;  GPIO_0[12]      ; -0.883  ; 0.215    ; N/A      ; N/A     ; -1.777              ;
;  GPIO_0[1]       ; -0.373  ; -6.086   ; N/A      ; N/A     ; -1.777              ;
; Design-wide TNS  ; -54.474 ; -177.022 ; 0.0      ; 0.0     ; -189.331            ;
;  GPIO_0[0]       ; -24.652 ; 0.000    ; N/A      ; N/A     ; -65.777             ;
;  GPIO_0[12]      ; -26.110 ; 0.000    ; N/A      ; N/A     ; -57.777             ;
;  GPIO_0[1]       ; -3.712  ; -177.022 ; N/A      ; N/A     ; -65.777             ;
+------------------+---------+----------+----------+---------+---------------------+


+------------------------------------------------------------------------+
; Setup Times                                                            ;
+------------+------------+-------+-------+------------+-----------------+
; Data Port  ; Clock Port ; Rise  ; Fall  ; Clock Edge ; Clock Reference ;
+------------+------------+-------+-------+------------+-----------------+
; GPIO_0[*]  ; GPIO_0[0]  ; 5.361 ; 5.361 ; Rise       ; GPIO_0[0]       ;
;  GPIO_0[2] ; GPIO_0[0]  ; 4.584 ; 4.584 ; Rise       ; GPIO_0[0]       ;
;  GPIO_0[3] ; GPIO_0[0]  ; 5.361 ; 5.361 ; Rise       ; GPIO_0[0]       ;
;  GPIO_0[5] ; GPIO_0[0]  ; 3.847 ; 3.847 ; Rise       ; GPIO_0[0]       ;
; GPIO_0[*]  ; GPIO_0[1]  ; 4.437 ; 4.437 ; Rise       ; GPIO_0[1]       ;
;  GPIO_0[3] ; GPIO_0[1]  ; 4.437 ; 4.437 ; Rise       ; GPIO_0[1]       ;
+------------+------------+-------+-------+------------+-----------------+


+--------------------------------------------------------------------------+
; Hold Times                                                               ;
+------------+------------+--------+--------+------------+-----------------+
; Data Port  ; Clock Port ; Rise   ; Fall   ; Clock Edge ; Clock Reference ;
+------------+------------+--------+--------+------------+-----------------+
; GPIO_0[*]  ; GPIO_0[0]  ; -2.041 ; -2.041 ; Rise       ; GPIO_0[0]       ;
;  GPIO_0[2] ; GPIO_0[0]  ; -2.517 ; -2.517 ; Rise       ; GPIO_0[0]       ;
;  GPIO_0[3] ; GPIO_0[0]  ; -2.041 ; -2.041 ; Rise       ; GPIO_0[0]       ;
;  GPIO_0[5] ; GPIO_0[0]  ; -2.166 ; -2.166 ; Rise       ; GPIO_0[0]       ;
; GPIO_0[*]  ; GPIO_0[1]  ; 3.155  ; 3.155  ; Rise       ; GPIO_0[1]       ;
;  GPIO_0[3] ; GPIO_0[1]  ; 3.155  ; 3.155  ; Rise       ; GPIO_0[1]       ;
+------------+------------+--------+--------+------------+-----------------+


+---------------------------------------------------------------------------+
; Clock to Output Times                                                     ;
+-------------+------------+--------+--------+------------+-----------------+
; Data Port   ; Clock Port ; Rise   ; Fall   ; Clock Edge ; Clock Reference ;
+-------------+------------+--------+--------+------------+-----------------+
; GPIO_0[*]   ; GPIO_0[12] ; 14.599 ; 14.599 ; Rise       ; GPIO_0[12]      ;
;  GPIO_0[20] ; GPIO_0[12] ; 12.422 ; 12.422 ; Rise       ; GPIO_0[12]      ;
;  GPIO_0[21] ; GPIO_0[12] ; 13.654 ; 13.654 ; Rise       ; GPIO_0[12]      ;
;  GPIO_0[22] ; GPIO_0[12] ; 14.406 ; 14.406 ; Rise       ; GPIO_0[12]      ;
;  GPIO_0[23] ; GPIO_0[12] ; 14.599 ; 14.599 ; Rise       ; GPIO_0[12]      ;
;  GPIO_0[24] ; GPIO_0[12] ; 14.178 ; 14.178 ; Rise       ; GPIO_0[12]      ;
;  GPIO_0[25] ; GPIO_0[12] ; 13.476 ; 13.476 ; Rise       ; GPIO_0[12]      ;
;  GPIO_0[26] ; GPIO_0[12] ; 14.171 ; 14.171 ; Rise       ; GPIO_0[12]      ;
;  GPIO_0[27] ; GPIO_0[12] ; 12.680 ; 12.680 ; Rise       ; GPIO_0[12]      ;
; LEDG[*]     ; GPIO_0[12] ; 16.407 ; 16.407 ; Rise       ; GPIO_0[12]      ;
;  LEDG[0]    ; GPIO_0[12] ; 14.908 ; 14.908 ; Rise       ; GPIO_0[12]      ;
;  LEDG[1]    ; GPIO_0[12] ; 16.042 ; 16.042 ; Rise       ; GPIO_0[12]      ;
;  LEDG[2]    ; GPIO_0[12] ; 16.151 ; 16.151 ; Rise       ; GPIO_0[12]      ;
;  LEDG[3]    ; GPIO_0[12] ; 16.372 ; 16.372 ; Rise       ; GPIO_0[12]      ;
;  LEDG[4]    ; GPIO_0[12] ; 16.407 ; 16.407 ; Rise       ; GPIO_0[12]      ;
;  LEDG[5]    ; GPIO_0[12] ; 15.427 ; 15.427 ; Rise       ; GPIO_0[12]      ;
;  LEDG[6]    ; GPIO_0[12] ; 15.716 ; 15.716 ; Rise       ; GPIO_0[12]      ;
;  LEDG[7]    ; GPIO_0[12] ; 14.820 ; 14.820 ; Rise       ; GPIO_0[12]      ;
; LEDR[*]     ; GPIO_0[12] ; 9.864  ; 9.864  ; Rise       ; GPIO_0[12]      ;
;  LEDR[4]    ; GPIO_0[12] ; 9.864  ; 9.864  ; Rise       ; GPIO_0[12]      ;
; LEDR[*]     ; GPIO_0[12] ; 9.864  ; 9.864  ; Fall       ; GPIO_0[12]      ;
;  LEDR[4]    ; GPIO_0[12] ; 9.864  ; 9.864  ; Fall       ; GPIO_0[12]      ;
; GPIO_0[*]   ; GPIO_0[1]  ; 16.253 ; 16.253 ; Rise       ; GPIO_0[1]       ;
;  GPIO_0[20] ; GPIO_0[1]  ; 15.009 ; 15.009 ; Rise       ; GPIO_0[1]       ;
;  GPIO_0[21] ; GPIO_0[1]  ; 14.990 ; 14.990 ; Rise       ; GPIO_0[1]       ;
;  GPIO_0[22] ; GPIO_0[1]  ; 15.474 ; 15.474 ; Rise       ; GPIO_0[1]       ;
;  GPIO_0[23] ; GPIO_0[1]  ; 15.442 ; 15.442 ; Rise       ; GPIO_0[1]       ;
;  GPIO_0[24] ; GPIO_0[1]  ; 15.200 ; 15.200 ; Rise       ; GPIO_0[1]       ;
;  GPIO_0[25] ; GPIO_0[1]  ; 15.100 ; 15.100 ; Rise       ; GPIO_0[1]       ;
;  GPIO_0[26] ; GPIO_0[1]  ; 16.253 ; 16.253 ; Rise       ; GPIO_0[1]       ;
;  GPIO_0[27] ; GPIO_0[1]  ; 15.040 ; 15.040 ; Rise       ; GPIO_0[1]       ;
; LEDG[*]     ; GPIO_0[1]  ; 17.798 ; 17.798 ; Rise       ; GPIO_0[1]       ;
;  LEDG[0]    ; GPIO_0[1]  ; 17.495 ; 17.495 ; Rise       ; GPIO_0[1]       ;
;  LEDG[1]    ; GPIO_0[1]  ; 17.378 ; 17.378 ; Rise       ; GPIO_0[1]       ;
;  LEDG[2]    ; GPIO_0[1]  ; 17.219 ; 17.219 ; Rise       ; GPIO_0[1]       ;
;  LEDG[3]    ; GPIO_0[1]  ; 17.215 ; 17.215 ; Rise       ; GPIO_0[1]       ;
;  LEDG[4]    ; GPIO_0[1]  ; 17.429 ; 17.429 ; Rise       ; GPIO_0[1]       ;
;  LEDG[5]    ; GPIO_0[1]  ; 17.051 ; 17.051 ; Rise       ; GPIO_0[1]       ;
;  LEDG[6]    ; GPIO_0[1]  ; 17.798 ; 17.798 ; Rise       ; GPIO_0[1]       ;
;  LEDG[7]    ; GPIO_0[1]  ; 17.180 ; 17.180 ; Rise       ; GPIO_0[1]       ;
+-------------+------------+--------+--------+------------+-----------------+


+-------------------------------------------------------------------------+
; Minimum Clock to Output Times                                           ;
+-------------+------------+-------+-------+------------+-----------------+
; Data Port   ; Clock Port ; Rise  ; Fall  ; Clock Edge ; Clock Reference ;
+-------------+------------+-------+-------+------------+-----------------+
; GPIO_0[*]   ; GPIO_0[12] ; 5.841 ; 5.841 ; Rise       ; GPIO_0[12]      ;
;  GPIO_0[20] ; GPIO_0[12] ; 5.841 ; 5.841 ; Rise       ; GPIO_0[12]      ;
;  GPIO_0[21] ; GPIO_0[12] ; 6.407 ; 6.407 ; Rise       ; GPIO_0[12]      ;
;  GPIO_0[22] ; GPIO_0[12] ; 7.059 ; 7.059 ; Rise       ; GPIO_0[12]      ;
;  GPIO_0[23] ; GPIO_0[12] ; 6.805 ; 6.805 ; Rise       ; GPIO_0[12]      ;
;  GPIO_0[24] ; GPIO_0[12] ; 6.509 ; 6.509 ; Rise       ; GPIO_0[12]      ;
;  GPIO_0[25] ; GPIO_0[12] ; 6.470 ; 6.470 ; Rise       ; GPIO_0[12]      ;
;  GPIO_0[26] ; GPIO_0[12] ; 6.318 ; 6.318 ; Rise       ; GPIO_0[12]      ;
;  GPIO_0[27] ; GPIO_0[12] ; 5.965 ; 5.965 ; Rise       ; GPIO_0[12]      ;
; LEDG[*]     ; GPIO_0[12] ; 7.029 ; 7.029 ; Rise       ; GPIO_0[12]      ;
;  LEDG[0]    ; GPIO_0[12] ; 7.074 ; 7.074 ; Rise       ; GPIO_0[12]      ;
;  LEDG[1]    ; GPIO_0[12] ; 7.598 ; 7.598 ; Rise       ; GPIO_0[12]      ;
;  LEDG[2]    ; GPIO_0[12] ; 7.917 ; 7.917 ; Rise       ; GPIO_0[12]      ;
;  LEDG[3]    ; GPIO_0[12] ; 7.707 ; 7.707 ; Rise       ; GPIO_0[12]      ;
;  LEDG[4]    ; GPIO_0[12] ; 7.636 ; 7.636 ; Rise       ; GPIO_0[12]      ;
;  LEDG[5]    ; GPIO_0[12] ; 7.454 ; 7.454 ; Rise       ; GPIO_0[12]      ;
;  LEDG[6]    ; GPIO_0[12] ; 7.139 ; 7.139 ; Rise       ; GPIO_0[12]      ;
;  LEDG[7]    ; GPIO_0[12] ; 7.029 ; 7.029 ; Rise       ; GPIO_0[12]      ;
; LEDR[*]     ; GPIO_0[12] ; 5.643 ; 5.643 ; Rise       ; GPIO_0[12]      ;
;  LEDR[4]    ; GPIO_0[12] ; 5.643 ; 5.643 ; Rise       ; GPIO_0[12]      ;
; LEDR[*]     ; GPIO_0[12] ; 5.643 ; 5.643 ; Fall       ; GPIO_0[12]      ;
;  LEDR[4]    ; GPIO_0[12] ; 5.643 ; 5.643 ; Fall       ; GPIO_0[12]      ;
; GPIO_0[*]   ; GPIO_0[1]  ; 6.628 ; 6.628 ; Rise       ; GPIO_0[1]       ;
;  GPIO_0[20] ; GPIO_0[1]  ; 6.628 ; 6.628 ; Rise       ; GPIO_0[1]       ;
;  GPIO_0[21] ; GPIO_0[1]  ; 6.719 ; 6.719 ; Rise       ; GPIO_0[1]       ;
;  GPIO_0[22] ; GPIO_0[1]  ; 6.950 ; 6.950 ; Rise       ; GPIO_0[1]       ;
;  GPIO_0[23] ; GPIO_0[1]  ; 6.750 ; 6.750 ; Rise       ; GPIO_0[1]       ;
;  GPIO_0[24] ; GPIO_0[1]  ; 6.775 ; 6.775 ; Rise       ; GPIO_0[1]       ;
;  GPIO_0[25] ; GPIO_0[1]  ; 7.003 ; 7.003 ; Rise       ; GPIO_0[1]       ;
;  GPIO_0[26] ; GPIO_0[1]  ; 6.979 ; 6.979 ; Rise       ; GPIO_0[1]       ;
;  GPIO_0[27] ; GPIO_0[1]  ; 6.811 ; 6.811 ; Rise       ; GPIO_0[1]       ;
; LEDG[*]     ; GPIO_0[1]  ; 7.652 ; 7.652 ; Rise       ; GPIO_0[1]       ;
;  LEDG[0]    ; GPIO_0[1]  ; 7.861 ; 7.861 ; Rise       ; GPIO_0[1]       ;
;  LEDG[1]    ; GPIO_0[1]  ; 7.910 ; 7.910 ; Rise       ; GPIO_0[1]       ;
;  LEDG[2]    ; GPIO_0[1]  ; 7.808 ; 7.808 ; Rise       ; GPIO_0[1]       ;
;  LEDG[3]    ; GPIO_0[1]  ; 7.652 ; 7.652 ; Rise       ; GPIO_0[1]       ;
;  LEDG[4]    ; GPIO_0[1]  ; 7.902 ; 7.902 ; Rise       ; GPIO_0[1]       ;
;  LEDG[5]    ; GPIO_0[1]  ; 7.987 ; 7.987 ; Rise       ; GPIO_0[1]       ;
;  LEDG[6]    ; GPIO_0[1]  ; 7.800 ; 7.800 ; Rise       ; GPIO_0[1]       ;
;  LEDG[7]    ; GPIO_0[1]  ; 7.875 ; 7.875 ; Rise       ; GPIO_0[1]       ;
+-------------+------------+-------+-------+------------+-----------------+


+------------------------------------------------------+
; Progagation Delay                                    ;
+------------+-------------+--------+----+----+--------+
; Input Port ; Output Port ; RR     ; RF ; FR ; FF     ;
+------------+-------------+--------+----+----+--------+
; GPIO_0[6]  ; LEDR[0]     ; 9.816  ;    ;    ; 9.816  ;
; GPIO_0[7]  ; LEDR[1]     ; 10.583 ;    ;    ; 10.583 ;
; GPIO_0[8]  ; LEDR[2]     ; 9.933  ;    ;    ; 9.933  ;
; GPIO_0[9]  ; LEDR[3]     ; 10.686 ;    ;    ; 10.686 ;
; GPIO_0[13] ; LEDR[5]     ; 10.501 ;    ;    ; 10.501 ;
; GPIO_0[14] ; LEDR[6]     ; 10.472 ;    ;    ; 10.472 ;
; GPIO_0[15] ; LEDR[7]     ; 9.944  ;    ;    ; 9.944  ;
; GPIO_0[16] ; LEDR[8]     ; 9.926  ;    ;    ; 9.926  ;
; GPIO_0[17] ; LEDR[9]     ; 9.857  ;    ;    ; 9.857  ;
; GPIO_0[18] ; LEDR[10]    ; 10.090 ;    ;    ; 10.090 ;
; GPIO_0[19] ; LEDR[11]    ; 10.010 ;    ;    ; 10.010 ;
+------------+-------------+--------+----+----+--------+


+----------------------------------------------------+
; Minimum Progagation Delay                          ;
+------------+-------------+-------+----+----+-------+
; Input Port ; Output Port ; RR    ; RF ; FR ; FF    ;
+------------+-------------+-------+----+----+-------+
; GPIO_0[6]  ; LEDR[0]     ; 5.619 ;    ;    ; 5.619 ;
; GPIO_0[7]  ; LEDR[1]     ; 5.915 ;    ;    ; 5.915 ;
; GPIO_0[8]  ; LEDR[2]     ; 5.676 ;    ;    ; 5.676 ;
; GPIO_0[9]  ; LEDR[3]     ; 5.960 ;    ;    ; 5.960 ;
; GPIO_0[13] ; LEDR[5]     ; 5.879 ;    ;    ; 5.879 ;
; GPIO_0[14] ; LEDR[6]     ; 5.856 ;    ;    ; 5.856 ;
; GPIO_0[15] ; LEDR[7]     ; 5.698 ;    ;    ; 5.698 ;
; GPIO_0[16] ; LEDR[8]     ; 5.716 ;    ;    ; 5.716 ;
; GPIO_0[17] ; LEDR[9]     ; 5.675 ;    ;    ; 5.675 ;
; GPIO_0[18] ; LEDR[10]    ; 5.772 ;    ;    ; 5.772 ;
; GPIO_0[19] ; LEDR[11]    ; 5.727 ;    ;    ; 5.727 ;
+------------+-------------+-------+----+----+-------+


+---------------------------------------------------------------------+
; Setup Transfers                                                     ;
+------------+------------+----------+----------+----------+----------+
; From Clock ; To Clock   ; RR Paths ; FR Paths ; RF Paths ; FF Paths ;
+------------+------------+----------+----------+----------+----------+
; GPIO_0[0]  ; GPIO_0[0]  ; 62       ; 0        ; 0        ; 0        ;
; GPIO_0[0]  ; GPIO_0[1]  ; 64       ; 0        ; 0        ; 0        ;
; GPIO_0[12] ; GPIO_0[12] ; 224      ; 0        ; 0        ; 0        ;
+------------+------------+----------+----------+----------+----------+
Entries labeled "false path" only account for clock-to-clock false paths and not path-based false paths. As a result, actual path counts may be lower than reported.


+---------------------------------------------------------------------+
; Hold Transfers                                                      ;
+------------+------------+----------+----------+----------+----------+
; From Clock ; To Clock   ; RR Paths ; FR Paths ; RF Paths ; FF Paths ;
+------------+------------+----------+----------+----------+----------+
; GPIO_0[0]  ; GPIO_0[0]  ; 62       ; 0        ; 0        ; 0        ;
; GPIO_0[0]  ; GPIO_0[1]  ; 64       ; 0        ; 0        ; 0        ;
; GPIO_0[12] ; GPIO_0[12] ; 224      ; 0        ; 0        ; 0        ;
+------------+------------+----------+----------+----------+----------+
Entries labeled "false path" only account for clock-to-clock false paths and not path-based false paths. As a result, actual path counts may be lower than reported.


---------------
; Report TCCS ;
---------------
No dedicated SERDES Transmitter circuitry present in device or used in design


---------------
; Report RSKM ;
---------------
No dedicated SERDES Receiver circuitry present in device or used in design


+------------------------------------------------+
; Unconstrained Paths                            ;
+---------------------------------+-------+------+
; Property                        ; Setup ; Hold ;
+---------------------------------+-------+------+
; Illegal Clocks                  ; 0     ; 0    ;
; Unconstrained Clocks            ; 0     ; 0    ;
; Unconstrained Input Ports       ; 15    ; 15   ;
; Unconstrained Input Port Paths  ; 142   ; 142  ;
; Unconstrained Output Ports      ; 28    ; 28   ;
; Unconstrained Output Port Paths ; 188   ; 188  ;
+---------------------------------+-------+------+


+------------------------------------+
; TimeQuest Timing Analyzer Messages ;
+------------------------------------+
Info: *******************************************************************
Info: Running Quartus II 32-bit TimeQuest Timing Analyzer
    Info: Version 13.0.1 Build 232 06/12/2013 Service Pack 1 SJ Web Edition
    Info: Processing started: Sun Aug 16 18:18:37 2026
Info: Command: quartus_sta ongakucircuits_fpga_voiceassigner -c ongakucircuits_fpga_voiceassigner_top
Info: qsta_default_script.tcl version: #1
Warning (20028): Parallel compilation is not licensed and has been disabled
Info (21077): Low junction temperature is 0 degrees C
Info (21077): High junction temperature is 85 degrees C
Critical Warning (332012): Synopsys Design Constraints File file not found: 'ongakucircuits_fpga_voiceassigner_top.sdc'. A Synopsys Design Constraints File is required by the TimeQuest Timing Analyzer to get proper timing constraints. Without it, the Compiler will not properly optimize the design.
Info (332142): No user constrained base clocks found in the design. Calling "derive_clocks -period 1.0"
Info (332105): Deriving Clocks
    Info (332105): create_clock -period 1.000 -name GPIO_0[12] GPIO_0[12]
    Info (332105): create_clock -period 1.000 -name GPIO_0[1] GPIO_0[1]
    Info (332105): create_clock -period 1.000 -name GPIO_0[0] GPIO_0[0]
Info: Found TIMEQUEST_REPORT_SCRIPT_INCLUDE_DEFAULT_ANALYSIS = ON
Info: Analyzing Slow Model
Critical Warning (332148): Timing requirements not met
Info (332146): Worst-case setup slack is -1.347
    Info (332119):     Slack End Point TNS Clock 
    Info (332119): ========= ============= =====================
    Info (332119):    -1.347       -24.652 GPIO_0[0] 
    Info (332119):    -0.883       -26.110 GPIO_0[12] 
    Info (332119):    -0.373        -3.712 GPIO_0[1] 
Info (332146): Worst-case hold slack is -6.086
    Info (332119):     Slack End Point TNS Clock 
    Info (332119): ========= ============= =====================
    Info (332119):    -6.086      -177.022 GPIO_0[1] 
    Info (332119):     0.391         0.000 GPIO_0[12] 
    Info (332119):     0.859         0.000 GPIO_0[0] 
Info (332140): No Recovery paths to report
Info (332140): No Removal paths to report
Info (332146): Worst-case minimum pulse width slack is -1.777
    Info (332119):     Slack End Point TNS Clock 
    Info (332119): ========= ============= =====================
    Info (332119):    -1.777       -65.777 GPIO_0[0] 
    Info (332119):    -1.777       -65.777 GPIO_0[1] 
    Info (332119):    -1.777       -57.777 GPIO_0[12] 
Info (332001): The selected device family is not supported by the report_metastability command.
Info: Analyzing Fast Model
Critical Warning (332148): Timing requirements not met
Info (332146): Worst-case setup slack is -0.080
    Info (332119):     Slack End Point TNS Clock 
    Info (332119): ========= ============= =====================
    Info (332119):    -0.080        -0.223 GPIO_0[0] 
    Info (332119):     0.155         0.000 GPIO_0[12] 
    Info (332119):     0.320         0.000 GPIO_0[1] 
Info (332146): Worst-case hold slack is -2.886
    Info (332119):     Slack End Point TNS Clock 
    Info (332119): ========= ============= =====================
    Info (332119):    -2.886       -84.108 GPIO_0[1] 
    Info (332119):     0.215         0.000 GPIO_0[12] 
    Info (332119):     0.378         0.000 GPIO_0[0] 
Info (332140): No Recovery paths to report
Info (332140): No Removal paths to report
Info (332146): Worst-case minimum pulse width slack is -1.777
    Info (332119):     Slack End Point TNS Clock 
    Info (332119): ========= ============= =====================
    Info (332119):    -1.777       -65.777 GPIO_0[0] 
    Info (332119):    -1.777       -65.777 GPIO_0[1] 
    Info (332119):    -1.777       -57.777 GPIO_0[12] 
Info (332001): The selected device family is not supported by the report_metastability command.
Info (332102): Design is not fully constrained for setup requirements
Info (332102): Design is not fully constrained for hold requirements
Info: Quartus II 32-bit TimeQuest Timing Analyzer was successful. 0 errors, 4 warnings
    Info: Peak virtual memory: 329 megabytes
    Info: Processing ended: Sun Aug 16 18:18:39 2026
    Info: Elapsed time: 00:00:02
    Info: Total CPU time (on all processors): 00:00:02


